{
  "anim_generic_look_stright_01": [
    {
      "angleVariability_deg": 0,
      "angle_deg": 0.0,
      "triggerTime_ms": 99,
      "Name": "HeadAngleKeyFrame",
      "durationTime_ms": 132
    },
    {
      "Name": "ProceduralFaceKeyFrame",
      "faceScaleY": 1.0,
      "faceScaleX": 1.0,
      "faceAngle": 0.0,
      "leftEye": [
        9.169666010979592,
        0.0,
        1.214332921016245,
        0.9052803931751328,
        0.0,
        0.5,
        0.5,
        0.5,
        0.5,
        0.5,
        0.5,
        0.5,
        0.5,
        0.0,
        0.0,
        0.0,
        0.0,
        0.0,
        0.0
      ],
      "durationTime_ms": 0,
      "faceCenterY": 0.0,
      "faceCenterX": 0.0,
      "rightEye": [
        -10.206374107265454,
        0.0,
        1.2220369777691873,
        0.9052803931751328,
        0.0,
        0.5,
        0.5,
        0.5,
        0.5,
        0.5,
        0.5,
        0.5,
        0.5,
        0.0,
        0.0,
        0.0,
        0.0,
        0.0,
        0.0
      ],
      "triggerTime_ms": 99
    },
    {
      "Name": "ProceduralFaceKeyFrame",
      "faceScaleY": 0.6315423841380059,
      "faceScaleX": 1.0,
      "faceAngle": 0.0,
      "leftEye": [
        9.169666010979592,
        0.0,
        1.3566113438754555,
        0.9052803931751328,
        0.0,
        0.5,
        0.5,
        0.5,
        0.5,
        0.5,
        0.5,
        0.5,
        0.5,
        0.0,
        0.0,
        0.0,
        0.0,
        0.0,
        0.0
      ],
      "durationTime_ms": 0,
      "faceCenterY": 4.419335128297633,
      "faceCenterX": 0.0,
      "rightEye": [
        -10.206374107265454,
        0.0,
        1.3694295055926857,
        0.9052803931751328,
        0.0,
        0.5,
        0.5,
        0.5,
        0.5,
        0.5,
        0.5,
        0.5,
        0.5,
        0.0,
        0.0,
        0.0,
        0.0,
        0.0,
        0.0
      ],
      "triggerTime_ms": 165
    },
    {
      "Name": "ProceduralFaceKeyFrame",
      "faceScaleY": 1.0395563840866089,
      "faceScaleX": 0.8870332829919517,
      "faceAngle": 0.0,
      "leftEye": [
        9.169666010979592,
        0.0,
        1.330263442893456,
        0.9052803931751328,
        0.0,
        0.5,
        0.5,
        0.5,
        0.5,
        0.5,
        0.5,
        0.5,
        0.5,
        0.0,
        0.0,
        0.0,
        0.0,
        0.0,
        0.0
      ],
      "durationTime_ms": 0,
      "faceCenterY": 1.6608092321789771,
      "faceCenterX": -0.5747226069584809,
      "rightEye": [
        -10.206374107265454,
        0.0,
        1.3421345465227972,
        0.9052803931751328,
        0.0,
        0.5,
        0.5,
        0.5,
        0.5,
        0.5,
        0.5,
        0.5,
        0.5,
        0.0,
        0.0,
        0.0,
        0.0,
        0.0,
        0.0
      ],
      "triggerTime_ms": 231
    },
    {
      "Name": "ProceduralFaceKeyFrame",
      "faceScaleY": 1.182361364364624,
      "faceScaleX": 0.9046843641472034,
      "faceAngle": 0.0,
      "leftEye": [
        9.169666010979592,
        0.0,
        1.3032569917734849,
        0.9052803931751328,
        0.0,
        0.5,
        0.5,
        0.5,
        0.5,
        0.5,
        0.5,
        0.5,
        0.5,
        0.0,
        0.0,
        0.0,
        0.0,
        0.0,
        0.0
      ],
      "durationTime_ms": 0,
      "faceCenterY": 0.9869951160100855,
      "faceCenterX": -0.4849222201802161,
      "rightEye": [
        -10.206374107265454,
        0.0,
        1.3141573661596013,
        0.9052803931751328,
        0.0,
        0.5,
        0.5,
        0.5,
        0.5,
        0.5,
        0.5,
        0.5,
        0.5,
        0.0,
        0.0,
        0.0,
        0.0,
        0.0,
        0.0
      ],
      "triggerTime_ms": 264
    },
    {
      "Name": "ProceduralFaceKeyFrame",
      "faceScaleY": 1.0,
      "faceScaleX": 1.0,
      "faceAngle": 0.0,
      "leftEye": [
        9.169666010979592,
        0.0,
        1.214332921016245,
        0.9052803931751328,
        0.0,
        0.5,
        0.5,
        0.5,
        0.5,
        0.5,
        0.5,
        0.5,
        0.5,
        0.0,
        0.0,
        0.0,
        0.0,
        0.0,
        0.0
      ],
      "durationTime_ms": 0,
      "faceCenterY": 0.0,
      "faceCenterX": 0.0,
      "rightEye": [
        -10.206374107265454,
        0.0,
        1.2220369777691873,
        0.9052803931751328,
        0.0,
        0.5,
        0.5,
        0.5,
        0.5,
        0.5,
        0.5,
        0.5,
        0.5,
        0.0,
        0.0,
        0.0,
        0.0,
        0.0,
        0.0
      ],
      "triggerTime_ms": 363
    },
    {
      "audioName": [
        "Play__Robot_Sfx__Scrn_Curious"
      ],
      "Name": "RobotAudioKeyFrame",
      "probability": [
        1.0
      ],
      "hasAlts": true,
      "volume": 1.0,
      "audioEventId": [
        1701725212
      ],
      "triggerTime_ms": 66.0
    }
  ]
}