{
  "anim_reacttoblock_lifteffortpickup_01": [
    {
      "durationTime_ms": 0,
      "faceCenterY": 0.0,
      "faceCenterX": 0.0,
      "Name": "ProceduralFaceKeyFrame",
      "faceScaleY": 1.0,
      "faceScaleX": 1.0,
      "rightEye": [
        -10.206374107265454,
        0.0,
        1.2220369777691873,
        0.9052803931751328,
        0.0,
        0.5,
        0.5,
        0.5,
        0.5,
        0.5,
        0.5,
        0.5,
        0.5,
        0.0,
        0.0,
        0.0,
        0.0,
        0.0,
        0.0
      ],
      "triggerTime_ms": 0,
      "faceAngle": 0.0,
      "leftEye": [
        9.169666010979592,
        0.0,
        1.214332921016245,
        0.9052803931751328,
        0.0,
        0.5,
        0.5,
        0.5,
        0.5,
        0.5,
        0.5,
        0.5,
        0.5,
        0.0,
        0.0,
        0.0,
        0.0,
        0.0,
        0.0
      ]
    },
    {
      "durationTime_ms": 0,
      "faceCenterY": 0.0,
      "faceCenterX": 0.0,
      "Name": "ProceduralFaceKeyFrame",
      "faceScaleY": 1.0822381973266602,
      "faceScaleX": 0.9649999734796171,
      "rightEye": [
        -10.206374107265454,
        0.0,
        1.2220369777691873,
        0.9052803931751328,
        0.0,
        0.5,
        0.5,
        0.5,
        0.5,
        0.5,
        0.5,
        0.5,
        0.5,
        0.0,
        0.0,
        0.0,
        0.0,
        0.0,
        0.0
      ],
      "triggerTime_ms": 33,
      "faceAngle": 0.0,
      "leftEye": [
        9.169666010979592,
        0.0,
        1.214332921016245,
        0.9052803931751328,
        0.0,
        0.5,
        0.5,
        0.5,
        0.5,
        0.5,
        0.5,
        0.5,
        0.5,
        0.0,
        0.0,
        0.0,
        0.0,
        0.0,
        0.0
      ]
    },
    {
      "durationTime_ms": 0,
      "faceCenterY": 5.831541198161291,
      "faceCenterX": 0.0,
      "Name": "ProceduralFaceKeyFrame",
      "faceScaleY": 1.042352557182312,
      "faceScaleX": 0.9691177007903615,
      "rightEye": [
        -10.206374107265454,
        0.0,
        1.2220369777691873,
        0.9052803931751328,
        0.0,
        0.5,
        0.5,
        0.6722256902747006,
        0.6722256902747006,
        0.6722256902747006,
        0.6722256902747006,
        0.5,
        0.5,
        0.060479144438130406,
        0.0,
        0.0,
        0.0,
        0.0,
        0.0
      ],
      "triggerTime_ms": 66,
      "faceAngle": 0.0,
      "leftEye": [
        9.169666010979592,
        0.0,
        1.214332921016245,
        0.9052803931751328,
        0.0,
        0.5,
        0.5,
        0.6722256902747006,
        0.6722256902747006,
        0.6722256902747006,
        0.6722256902747006,
        0.5,
        0.5,
        0.05509862509035479,
        0.0,
        0.0,
        0.0,
        0.0,
        0.0
      ]
    },
    {
      "durationTime_ms": 0,
      "faceCenterY": 15.62818849559392,
      "faceCenterX": 0.0,
      "Name": "ProceduralFaceKeyFrame",
      "faceScaleY": 1.0,
      "faceScaleX": 1.0,
      "rightEye": [
        -10.206374107265454,
        0.0,
        1.2220369777691873,
        0.9052803931751328,
        0.0,
        0.5,
        0.5,
        0.8551031157835851,
        0.8551031157835851,
        0.8551031157835851,
        0.8551031157835851,
        0.5,
        0.5,
        0.1401318641610595,
        0.0,
        0.0,
        0.33970399106299387,
        4.583662509918213,
        0.0
      ],
      "triggerTime_ms": 99,
      "faceAngle": 0.0,
      "leftEye": [
        9.169666010979592,
        0.0,
        1.214332921016245,
        0.9052803931751328,
        0.0,
        0.5,
        0.5,
        0.8551031157835851,
        0.8551031157835851,
        0.8551031157835851,
        0.8551031157835851,
        0.5,
        0.5,
        0.12903816913778654,
        0.0,
        0.0,
        0.3498414404368366,
        4.583662509918213,
        0.0
      ]
    },
    {
      "durationTime_ms": 0,
      "faceCenterY": 21.414616456111734,
      "faceCenterX": 0.0,
      "Name": "ProceduralFaceKeyFrame",
      "faceScaleY": 1.0,
      "faceScaleX": 1.1309419870376587,
      "rightEye": [
        -11.033097839006766,
        0.0,
        1.2220369777691873,
        0.9052803931751328,
        0.0,
        0.5,
        0.5,
        0.8551031157835851,
        0.8551031157835851,
        0.8551031157835851,
        0.8551031157835851,
        0.5,
        0.5,
        0.15031972454769715,
        0.0,
        0.0,
        0.44873533568312207,
        4.73160457611084,
        0.0
      ],
      "triggerTime_ms": 132,
      "faceAngle": 0.0,
      "leftEye": [
        10.048704257578201,
        0.0,
        1.214332921016245,
        0.9052803931751328,
        0.0,
        0.5,
        0.5,
        0.8551031157835851,
        0.8551031157835851,
        0.8551031157835851,
        0.8551031157835851,
        0.5,
        0.5,
        0.13922610677623515,
        0.0,
        0.0,
        0.4621264993650891,
        4.73160457611084,
        0.0
      ]
    },
    {
      "durationTime_ms": 0,
      "faceCenterY": 22.595018412220615,
      "faceCenterX": 0.0,
      "Name": "ProceduralFaceKeyFrame",
      "faceScaleY": 1.0,
      "faceScaleX": 1.1353117227554321,
      "rightEye": [
        -11.033097839006766,
        0.0,
        1.2220369777691873,
        0.9052803931751328,
        0.0,
        0.5,
        0.5,
        0.8551031157835851,
        0.8551031157835851,
        0.8551031157835851,
        0.8551031157835851,
        0.5,
        0.5,
        0.1588961755470717,
        0.0,
        0.0,
        0.4629406425421785,
        4.73160457611084,
        0.0
      ],
      "triggerTime_ms": 330,
      "faceAngle": 0.0,
      "leftEye": [
        10.048704257578201,
        0.0,
        1.214332921016245,
        0.9052803931751328,
        0.0,
        0.5,
        0.5,
        0.8551031157835851,
        0.8551031157835851,
        0.8551031157835851,
        0.8551031157835851,
        0.5,
        0.5,
        0.14780261369467573,
        0.0,
        0.0,
        0.47675572111155373,
        4.73160457611084,
        0.0
      ]
    },
    {
      "durationTime_ms": 0,
      "faceCenterY": 22.221238509143863,
      "faceCenterX": 0.0,
      "Name": "ProceduralFaceKeyFrame",
      "faceScaleY": 1.0447485446929932,
      "faceScaleX": 1.0785928964614868,
      "rightEye": [
        -10.903922322152093,
        0.0,
        1.2220369777691873,
        0.9052803931751328,
        0.0,
        0.5262942034478364,
        0.5262942034478364,
        0.7996182133781282,
        0.7996182133781282,
        0.8607135528297718,
        0.8313259032699705,
        0.5262942034478364,
        0.5262942034478364,
        0.1191153527423543,
        0.0,
        0.0,
        0.34014190030111524,
        3.732046365737915,
        0.0
      ],
      "triggerTime_ms": 363,
      "faceAngle": 0.0,
      "leftEye": [
        9.911354193725794,
        0.0,
        1.214332921016245,
        0.9052803931751328,
        0.0,
        0.5262942034478364,
        0.5262942034478364,
        0.7996182133781282,
        0.7996182133781282,
        0.8607135528297718,
        0.8313259032699705,
        0.5262942034478364,
        0.5262942034478364,
        0.11361700745455428,
        0.0,
        0.0,
        0.35029241776614506,
        3.732046365737915,
        0.0
      ]
    },
    {
      "durationTime_ms": 0,
      "faceCenterY": 11.63074980109741,
      "faceCenterX": 0.0,
      "Name": "ProceduralFaceKeyFrame",
      "faceScaleY": 1.06443452835083,
      "faceScaleX": 1.091928482055664,