{
  "anim_reacttoblock_lifteffortplacehigh_01": [
    {
      "durationTime_ms": 0,
      "faceCenterY": 0.0,
      "faceCenterX": 0.0,
      "Name": "ProceduralFaceKeyFrame",
      "faceScaleY": 1.0,
      "faceScaleX": 1.0,
      "rightEye": [
        -10.206374107265454,
        0.0,
        1.2220369777691873,
        0.9052803931751328,
        0.0,
        0.5,
        0.5,
        0.5,
        0.5,
        0.5,
        0.5,
        0.5,
        0.5,
        0.0,
        0.0,
        0.0,
        0.0,
        0.0,
        0.0
      ],
      "triggerTime_ms": 0,
      "faceAngle": 0.0,
      "leftEye": [
        9.169666010979592,
        0.0,
        1.214332921016245,
        0.9052803931751328,
        0.0,
        0.5,
        0.5,
        0.5,
        0.5,
        0.5,
        0.5,
        0.5,
        0.5,
        0.0,
        0.0,
        0.0,
        0.0,
        0.0,
        0.0
      ]
    },
    {
      "durationTime_ms": 0,
      "faceCenterY": 0.0,
      "faceCenterX": 0.0,
      "Name": "ProceduralFaceKeyFrame",
      "faceScaleY": 1.04853093624115,
      "faceScaleX": 1.0146520137786865,
      "rightEye": [
        -10.206374107265454,
        0.0,
        1.2220369777691873,
        0.9052803931751328,
        0.0,
        0.5,
        0.5,
        0.5,
        0.5,
        0.5,
        0.5,
        0.5,
        0.5,
        0.0,
        0.0,
        0.0,
        0.0,
        0.0,
        0.0
      ],
      "triggerTime_ms": 66,
      "faceAngle": 0.0,
      "leftEye": [
        9.169666010979592,
        0.0,
        1.214332921016245,
        0.9052803931751328,
        0.0,
        0.5,
        0.5,
        0.5,
        0.5,
        0.5,
        0.5,
        0.5,
        0.5,
        0.0,
        0.0,
        0.0,
        0.0,
        0.0,
        0.0
      ]
    },
    {
      "durationTime_ms": 0,
      "faceCenterY": 10.492616363425784,
      "faceCenterX": 0.0,
      "Name": "ProceduralFaceKeyFrame",
      "faceScaleY": 1.0,
      "faceScaleX": 1.0,
      "rightEye": [
        -10.206374107265454,
        0.0,
        1.2220369777691873,
        0.9052803931751328,
        0.0,
        0.5,
        0.5,
        0.8551031157835851,
        0.8551031157835851,
        0.8551031157835851,
        0.8551031157835851,
        0.5,
        0.5,
        0.1326898340692173,
        0.0,
        0.0,
        0.5336503929752798,
        4.583662509918213,
        0.0
      ],
      "triggerTime_ms": 165,
      "faceAngle": 0.0,
      "leftEye": [
        9.169666010979592,
        0.0,
        1.214332921016245,
        0.9052803931751328,
        0.0,
        0.5,
        0.5,
        0.8551031157835851,
        0.8551031157835851,
        0.8551031157835851,
        0.8551031157835851,
        0.5,
        0.5,
        0.0655233863837763,
        0.0,
        0.0,
        0.4905072411233925,
        4.583662509918213,
        0.0
      ]
    },
    {
      "durationTime_ms": 0,
      "faceCenterY": 15.007732171425802,
      "faceCenterX": 0.0,
      "Name": "ProceduralFaceKeyFrame",
      "faceScaleY": 1.0,
      "faceScaleX": 1.0,
      "rightEye": [
        -10.206374107265454,
        0.0,
        1.2220369777691873,
        0.9052803931751328,
        0.0,
        0.5,
        0.5,
        0.8551031157835851,
        0.8551031157835851,
        0.8551031157835851,
        0.8551031157835851,
        0.5,
        0.5,
        0.19987123306967503,
        0.0,
        0.0,
        0.6049718301855613,
        4.583662509918213,
        0.0
      ],
      "triggerTime_ms": 264,
      "faceAngle": 0.0,
      "leftEye": [
        9.169666010979592,
        0.0,
        1.214332921016245,
        0.9052803931751328,
        0.0,
        0.5,
        0.5,
        0.8551031157835851,
        0.8551031157835851,
        0.8551031157835851,
        0.8551031157835851,
        0.5,
        0.5,
        0.13270529480275206,
        0.0,
        0.0,
        0.5639570532659982,
        4.583662509918213,
        0.0
      ]
    },
    {
      "durationTime_ms": 0,
      "faceCenterY": 15.007732171425802,
      "faceCenterX": 0.0,
      "Name": "ProceduralFaceKeyFrame",
      "faceScaleY": 1.0,
      "faceScaleX": 1.0,
      "rightEye": [
        -10.206374107265454,
        0.0,
        1.2220369777691873,
        0.9052803931751328,
        0.0,
        0.5,
        0.5,
        0.8551031157835851,
        0.8551031157835851,
        0.8551031157835851,
        0.8551031157835851,
        0.5,
        0.5,
        0.19987123306967503,
        0.0,
        0.0,
        0.6049718301855613,
        4.583662509918213,
        0.0
      ],
      "triggerTime_ms": 363,
      "faceAngle": 0.0,
      "leftEye": [
        9.169666010979592,
        0.0,
        1.214332921016245,
        0.9052803931751328,
        0.0,
        0.5,
        0.5,
        0.8551031157835851,
        0.8551031157835851,
        0.8551031157835851,
        0.8551031157835851,
        0.5,
        0.5,
        0.13270529480275206,
        0.0,
        0.0,
        0.5639570532659982,
        4.583662509918213,
        0.0
      ]
    },
    {
      "durationTime_ms": 0,
      "faceCenterY": 12.797622865768973,
      "faceCenterX": 0.0,
      "Name": "ProceduralFaceKeyFrame",
      "faceScaleY": 0.19288972128935603,
      "faceScaleX": 1.27939772605896,
      "rightEye": [
        -11.8064349674005,
        0.0,
        1.2220369777691873,
        0.9052803931751328,
        0.0,
        0.37118418505258427,
        0.37118418505258427,
        0.4341058909753979,
        0.4341058909753979,
        0.4341058909753979,
        0.4341058909753979,
        0.37118418505258427,
        0.37118418505258427,
        0.0,
        0.0,
        0.0,
        0.14479386587422072,
        0.0,
        0.0
      ],
      "triggerTime_ms": 396,
      "faceAngle": 0.0,
      "leftEye": [
        10.699945496344462,
        0.0,
        1.214332921016245,
        0.9052803931751328,
        0.0,
        0.37118418505258427,
        0.37118418505258427,
        0.4341058909753979,
        0.4341058909753979,
        0.4341058909753979,
        0.4341058909753979,
        0.37118418505258427,
        0.37118418505258427,
        0.0,
        0.0,
        0.0,
        0.1491148056440179,
        0.0,
        0.0
      ]
    },
    {
      "durationTime_ms": 0,
      "faceCenterY": 14.99264362698739,
      "faceCenterX": 0.0,
      "Name": "ProceduralFaceKeyFrame",
      "faceScaleY": 0.3091173479537448,
      "faceScaleX": 1.270743727684021,
      "rightEye": [
        -11.262508346148204,
        0.9301685147183038,
        1.2396698476986887,
        0.8247005038292343,
        0.0,
        0.37242409471662735,
        0.37242409471662735,
        0.42642475837005506,
        0.42642475837005506,
        0.42642475837005506,
        0.42642475837005506,
        0.37242409471662735,
        0.37242409471662735,
        0.0,
        0.0,
        0.0,
        0.04283000369182022,
        0.0,
        0.0
      ],
      "triggerTime_ms": 429,
      "faceAngle": 0.0,
      "leftEye": [
        10.393893517999452,
        0.0,
        1.214332921016245,
        0.9052803931751328,
        0.0,
        0.39694701151081313,
        0.39694701151081313,
        0.4472845298029019,
        0.4472845298029019,
        0.4472845298029019,
        0.4472845298029019,
        0.39694701151081313,
        0.39694701151081313,
        0.0,
        0.0,
        0.0,
        0.05052872495390448,
        0.0,
        0.0
      ]
    },
    {
      "durationTime_ms": 0,
      "faceCenterY": 10.668211187112037,
      "faceCenterX": 0.0,
      "Name": "ProceduralFaceKeyFrame",
      "faceScaleY": 0.5001448394230419,
      "faceScaleX": 1.2282369136810303,