{
  "anim_fistbump_idle_02": [
    {
      "durationTime_ms": 2277,
      "triggerTime_ms": 0,
      "Name": "LiftHeightKeyFrame",
      "heightVariability_mm": 0,
      "height_mm": 79.56756756756755
    },
    {
      "durationTime_ms": 0,
      "faceCenterY": -5.701579062893592,
      "faceCenterX": 0.0,
      "Name": "ProceduralFaceKeyFrame",
      "faceScaleY": 1.2111011743545532,
      "faceScaleX": 1.1412653923034668,
      "rightEye": [
        -11.361539541647298,
        -0.005354624695677229,
        1.2220369777691873,
        0.9052803931751328,
        0.0,
        0.6020489101743856,
        0.6020489101743856,
        0.5,
        0.5,
        0.7371136563763088,
        0.6230589608271018,
        0.6020489101743856,
        0.6020489101743856,
        0.0,
        0.0,
        0.0,
        0.0,
        0.0,
        0.0
      ],
      "triggerTime_ms": 0,
      "faceAngle": 0.0,
      "leftEye": [
        10.473907862239393,
        0.0,
        1.214332921016245,
        0.9052803931751328,
        0.0,
        0.6020489101743856,
        0.6020489101743856,
        0.5,
        0.5,
        0.7371136563763088,
        0.6230589608271018,
        0.6020489101743856,
        0.6020489101743856,
        0.0,
        0.0,
        0.0,
        0.0,
        0.0,
        0.0
      ]
    },
    {
      "durationTime_ms": 0,
      "faceCenterY": -5.701579062893592,
      "faceCenterX": 0.0,
      "Name": "ProceduralFaceKeyFrame",
      "faceScaleY": 1.2111011743545532,
      "faceScaleX": 1.1412653923034668,
      "rightEye": [
        -11.361539541647298,
        -0.005354624695677229,
        1.2220369777691873,
        0.9052803931751328,
        0.0,
        0.6020489101743856,
        0.6020489101743856,
        0.5,
        0.5,
        0.7371136563763088,
        0.6230589608271018,
        0.6020489101743856,
        0.6020489101743856,
        0.0,
        0.0,
        0.0,
        0.0,
        0.0,
        0.0
      ],
      "triggerTime_ms": 1089,
      "faceAngle": 0.0,
      "leftEye": [
        10.473907862239393,
        0.0,
        1.214332921016245,
        0.9052803931751328,
        0.0,
        0.6020489101743856,
        0.6020489101743856,
        0.5,
        0.5,
        0.7371136563763088,
        0.6230589608271018,
        0.6020489101743856,
        0.6020489101743856,
        0.0,
        0.0,
        0.0,
        0.0,
        0.0,
        0.0
      ]
    },
    {
      "durationTime_ms": 0,
      "faceCenterY": -1.5389570884325676,
      "faceCenterX": 0.0,
      "Name": "ProceduralFaceKeyFrame",
      "faceScaleY": 1.0897972583770752,
      "faceScaleX": 1.1038246154785156,
      "rightEye": [
        -11.361539541647298,
        -0.005354624695677229,
        1.2220369777691873,
        0.9052803931751328,
        0.0,
        0.6020489101743856,
        0.6020489101743856,
        0.5,
        0.5,
        0.7371136563763088,
        0.6230589608271018,
        0.6020489101743856,
        0.6020489101743856,
        0.0,
        0.0,
        0.0,
        0.0,
        0.0,
        0.0
      ],
      "triggerTime_ms": 1155,
      "faceAngle": 0.0,
      "leftEye": [
        10.473907862239393,
        0.0,
        1.214332921016245,
        0.9052803931751328,
        0.0,
        0.6020489101743856,
        0.6020489101743856,
        0.5,
        0.5,
        0.7371136563763088,
        0.6230589608271018,
        0.6020489101743856,
        0.6020489101743856,
        0.0,
        0.0,
        0.0,
        0.0,
        0.0,
        0.0
      ]
    },
    {
      "durationTime_ms": 0,
      "faceCenterY": 2.6236648222969454,
      "faceCenterX": 0.0,
      "Name": "ProceduralFaceKeyFrame",
      "faceScaleY": 0.9684934017362122,
      "faceScaleX": 1.176682472229004,
      "rightEye": [
        -12.048280448633827,
        -1.6100208770273594e-06,
        1.2220369777691873,
        0.9052803931751328,
        0.0,
        0.5506115845543107,
        0.5506115845543107,
        0.5506115845543107,
        0.5506115845543107,
        0.5506115845543107,
        0.5506115845543107,
        0.5506115845543107,
        0.5506115845543107,
        0.043419827402296884,
        0.8036434650421141,
        0.0,
        0.0,
        0.0,
        0.0
      ],
      "triggerTime_ms": 1221,
      "faceAngle": 0.0,
      "leftEye": [
        10.93139975839562,
        1.6377174615788339e-06,
        1.3553031591589213,
        0.9052803931751328,
        0.0,
        0.5,
        0.5,
        0.5,
        0.5,
        0.5,
        0.5,
        0.5,
        0.5,
        0.0,
        0.0,
        0.0,
        0.0,
        0.0,
        0.0
      ]
    },
    {
      "durationTime_ms": 0,
      "faceCenterY": -4.9894968831823645,
      "faceCenterX": 0.0,
      "Name": "ProceduralFaceKeyFrame",
      "faceScaleY": 1.3009096384048462,
      "faceScaleX": 1.1273106336593628,
      "rightEye": [
        -12.089110568087003,
        -0.005722402792521236,
        1.2220369777691873,
        0.9052803931751328,
        0.0,
        0.5371965816293134,
        0.5371965816293134,
        0.5183318646780037,
        0.5183318646780037,
        0.5621645251503011,
        0.5410804852659687,
        0.5371965816293134,
        0.5371965816293134,
        0.0013169606003250456,
        0.08452793955802916,
        0.0,
        0.0,
        0.0,
        0.0
      ],
      "triggerTime_ms": 1287,
      "faceAngle": 0.0,
      "leftEye": [
        11.18348139367793,
        5.76476532246991e-07,
        1.2088961041924398,
        0.9052803931751328,
        0.0,
        0.5188647169513096,
        0.5188647169513096,
        0.5,
        0.5,
        0.5438326604722974,
        0.522748620587965,
        0.5188647169513096,
        0.5188647169513096,
        0.0,
        0.0,
        0.0,
        0.0,
        0.0,
        0.0
      ]
    },
    {
      "durationTime_ms": 0,
      "faceCenterY": -7.836407361191652,
      "faceCenterX": 0.0,
      "Name": "ProceduralFaceKeyFrame",
      "faceScaleY": 1.3532003164291382,
      "faceScaleX": 1.2276886701583862,
      "rightEye": [
        -12.111288932854686,
        -0.008829994276161003,
        1.2220369777691873,
        0.9052803931751328,
        0.0,
        0.6682828430635759,
        0.6682828430635759,
        0.5,
        0.5,
        0.8910100780863957,
        0.7029292743103674,
        0.6682828430635759,
        0.6682828430635759,
        0.0,
        0.0,
        0.0,
        0.0,
        0.0,
        0.0
      ],
      "triggerTime_ms": 1386,
      "faceAngle": 0.0,
      "leftEye": [
        11.3204145859521,
        0.0,
        1.214332921016245,
        0.9052803931751328,
        0.0,
        0.6682828430635759,
        0.6682828430635759,
        0.5,
        0.5,
        0.8910100780863957,
        0.7029292743103674,
        0.6682828430635759,
        0.6682828430635759,
        0.0,
        0.0,
        0.0,
        0.0,
        0.0,
        0.0
      ]
    },
    {
      "durationTime_ms": 0,
      "faceCenterY": -8.061903535253599,
      "faceCenterX": 0.0,
      "Name": "ProceduralFaceKeyFrame",
      "faceScaleY": 1.35969877243042,
      "faceScaleX": 1.25095534324646,
      "rightEye": [
        -12.111288932854686,
        -0.008829994276161003,
        1.2220369777691873,
        0.9052803931751328,
        0.0,
        0.6682828430635759,
        0.6682828430635759,
        0.5,
        0.5,
        0.8910100780863957,
        0.7029292743103674,
        0.6682828430635759,
        0.6682828430635759,
        0.0,
        0.0,
        0.0,
        0.0,
        0.0,
        0.0
      ],
      "triggerTime_ms": 1452,
      "faceAngle": 0.0,