{
  "anim_pounce_lookloop_02": [
    {
      "durationTime_ms": 0,
      "faceCenterY": 27.775316614649913,
      "faceCenterX": 0.0,
      "Name": "ProceduralFaceKeyFrame",
      "faceScaleY": 1.0,
      "faceScaleX": 1.0,
      "rightEye": [
        -10.206374107265454,
        0.0,
        1.2220369777691873,
        0.9052803931751328,
        0.0,
        0.5,
        0.5,
        0.8551031157835851,
        0.8551031157835851,
        0.8551031157835851,
        0.8551031157835851,
        0.5,
        0.5,
        0.1487083060466431,
        0.0,
        0.0,
        0.487033343442839,
        4.583662509918213,
        0.0
      ],
      "triggerTime_ms": 0,
      "faceAngle": 0.0,
      "leftEye": [
        9.169666010979592,
        0.0,
        1.214332921016245,
        0.9052803931751328,
        0.0,
        0.5,
        0.5,
        0.8551031157835851,
        0.8551031157835851,
        0.8551031157835851,
        0.8551031157835851,
        0.5,
        0.5,
        0.13761467605622713,
        0.0,
        0.0,
        0.5015673965962198,
        4.583662509918213,
        0.0
      ]
    },
    {
      "durationTime_ms": 0,
      "faceCenterY": 29.711054674974097,
      "faceCenterX": 0.0,
      "Name": "ProceduralFaceKeyFrame",
      "faceScaleY": 1.0,
      "faceScaleX": 1.0,
      "rightEye": [
        -10.206374107265454,
        0.0,
        1.2220369777691873,
        0.9052803931751328,
        0.0,
        0.5,
        0.5,
        0.8551031157835851,
        0.8551031157835851,
        0.8551031157835851,
        0.8551031157835851,
        0.5,
        0.5,
        0.166379126560518,
        0.0,
        0.0,
        0.487033343442839,
        4.583662509918213,
        0.0
      ],
      "triggerTime_ms": 66,
      "faceAngle": 0.0,
      "leftEye": [
        9.169666010979592,
        0.0,
        1.214332921016245,
        0.9052803931751328,
        0.0,
        0.5,
        0.5,
        0.8551031157835851,
        0.8551031157835851,
        0.8551031157835851,
        0.8551031157835851,
        0.5,
        0.5,
        0.1570216021816102,
        0.0,
        0.0,
        0.5015673965962198,
        4.583662509918213,
        0.0
      ]
    },
    {
      "durationTime_ms": 0,
      "faceCenterY": 29.884074560981166,
      "faceCenterX": 0.0,
      "Name": "ProceduralFaceKeyFrame",
      "faceScaleY": 1.0,
      "faceScaleX": 1.0,
      "rightEye": [
        -10.206374107265454,
        0.0,
        1.2220369777691873,
        0.9052803931751328,
        0.0,
        0.5,
        0.5,
        0.8551031157835851,
        0.8551031157835851,
        0.8551031157835851,
        0.8551031157835851,
        0.5,
        0.5,
        0.1487083060466431,
        0.0,
        0.0,
        0.487033343442839,
        4.583662509918213,
        0.0
      ],
      "triggerTime_ms": 198,
      "faceAngle": 0.0,
      "leftEye": [
        9.169666010979592,
        0.0,
        1.214332921016245,
        0.9052803931751328,
        0.0,
        0.5,
        0.5,
        0.8551031157835851,
        0.8551031157835851,
        0.8551031157835851,
        0.8551031157835851,
        0.5,
        0.5,
        0.13761467605622713,
        0.0,
        0.0,
        0.5015673965962198,
        4.583662509918213,
        0.0
      ]
    },
    {
      "durationTime_ms": 0,
      "faceCenterY": 29.884074560981166,
      "faceCenterX": 0.0,
      "Name": "ProceduralFaceKeyFrame",
      "faceScaleY": 1.0,
      "faceScaleX": 1.0,
      "rightEye": [
        -10.206374107265454,
        0.0,
        1.2220369777691873,
        0.9052803931751328,
        0.0,
        0.5,
        0.5,
        0.8551031157835851,
        0.8551031157835851,
        0.8551031157835851,
        0.8551031157835851,
        0.5,
        0.5,
        0.1487083060466431,
        0.0,
        0.0,
        0.487033343442839,
        4.583662509918213,
        0.0
      ],
      "triggerTime_ms": 363,
      "faceAngle": 0.0,
      "leftEye": [
        9.169666010979592,
        0.0,
        1.214332921016245,
        0.9052803931751328,
        0.0,
        0.5,
        0.5,
        0.8551031157835851,
        0.8551031157835851,
        0.8551031157835851,
        0.8551031157835851,
        0.5,
        0.5,
        0.13761467605622713,
        0.0,
        0.0,
        0.5015673965962198,
        4.583662509918213,
        0.0
      ]
    },
    {
      "durationTime_ms": 0,
      "faceCenterY": 29.425193345164192,
      "faceCenterX": 0.0,
      "Name": "ProceduralFaceKeyFrame",
      "faceScaleY": 1.0,
      "faceScaleX": 1.0,
      "rightEye": [
        -10.206374107265454,
        0.0,
        1.2220369777691873,
        0.923461537475248,
        0.0,
        0.5,
        0.5,
        0.8551031157835851,
        0.8551031157835851,
        0.8551031157835851,
        0.8551031157835851,
        0.5,
        0.5,
        0.1487083060466431,
        0.0,
        0.0,
        0.487033343442839,
        4.583662509918213,
        0.0
      ],
      "triggerTime_ms": 396,
      "faceAngle": 0.0,
      "leftEye": [
        9.169666010979592,
        0.0,
        1.214332921016245,
        0.9174012208823683,
        0.0,
        0.5,
        0.5,
        0.8551031157835851,
        0.8551031157835851,
        0.8551031157835851,
        0.8551031157835851,
        0.5,
        0.5,
        0.13761467605622713,
        0.0,
        0.0,
        0.5015673965962198,
        4.583662509918213,
        0.0
      ]
    },
    {
      "durationTime_ms": 0,
      "faceCenterY": 23.68014561479868,
      "faceCenterX": 0.0,
      "Name": "ProceduralFaceKeyFrame",
      "faceScaleY": 1.2230578660964966,
      "faceScaleX": 1.0,
      "rightEye": [
        -10.206374107265454,
        0.0,
        1.2220369777691873,
        1.0337417917093532,
        0.0,
        0.5,
        0.5,
        0.8551031157835851,
        0.8551031157835851,
        0.8551031157835851,
        0.8551031157835851,
        0.5,
        0.5,
        0.1769802882553565,
        4.461971759796142,
        0.0,
        0.487033343442839,
        4.583662509918213,
        0.0
      ],
      "triggerTime_ms": 462,
      "faceAngle": 0.0,
      "leftEye": [
        9.169666010979592,
        0.0,
        1.214332921016245,
        0.9842038835203084,
        0.0,
        0.5,
        0.5,
        0.8551031157835851,
        0.8551031157835851,
        0.8551031157835851,
        0.8551031157835851,
        0.5,
        0.5,
        0.2781569427126085,
        -4.4307451248168945,
        0.0,
        0.5015673965962198,
        4.583662509918213,
        0.0
      ]
    },
    {
      "durationTime_ms": 0,
      "faceCenterY": 23.68014561479868,
      "faceCenterX": 0.0,
      "Name": "ProceduralFaceKeyFrame",
      "faceScaleY": 1.2230578660964966,
      "faceScaleX": 1.0,
      "rightEye": [
        -10.206374107265454,
        0.0,
        1.2220369777691873,
        1.0337417917093532,
        0.0,
        0.5,
        0.5,
        0.8551031157835851,
        0.8551031157835851,
        0.8551031157835851,
        0.8551031157835851,
        0.5,
        0.5,
        0.1769802882553565,
        4.461971759796142,
        0.0,
        0.487033343442839,
        4.583662509918213,
        0.0
      ],
      "triggerTime_ms": 693,
      "faceAngle": 0.0,
      "leftEye": [
        9.169666010979592,
        0.0,
        1.214332921016245,
        0.9842038835203084,
        0.0,
        0.5,
        0.5,
        0.8551031157835851,
        0.8551031157835851,
        0.8551031157835851,
        0.8551031157835851,
        0.5,
        0.5,
        0.2781569427126085,
        -4.4307451248168945,
        0.0,
        0.5015673965962198,
        4.583662509918213,
        0.0
      ]
    },
    {
      "durationTime_ms": 0,
      "faceCenterY": 23.68014561479868,
      "faceCenterX": 0.0,
      "Name": "ProceduralFaceKeyFrame",
      "faceScaleY": 1.2230578660964966,
      "faceScaleX": 1.0,