{
  "anim_driving_upset_loop_02": [
    {
      "angleVariability_deg": 0,
      "angle_deg": -10.449341773986815,
      "triggerTime_ms": 33,
      "Name": "HeadAngleKeyFrame",
      "durationTime_ms": 231
    },
    {
      "angleVariability_deg": 0,
      "angle_deg": -11.758874893188475,
      "triggerTime_ms": 957,
      "Name": "HeadAngleKeyFrame",
      "durationTime_ms": 132
    },
    {
      "durationTime_ms": 0,
      "faceCenterY": 12.472009605506857,
      "faceCenterX": 0.0,
      "Name": "ProceduralFaceKeyFrame",
      "faceScaleY": 1.0,
      "faceScaleX": 1.0,
      "rightEye": [
        -10.206374107265454,
        0.0,
        1.2220369777691873,
        0.9052803931751328,
        0.0,
        0.4029588136511016,
        0.4029588136511016,
        0.3366407426247728,
        0.3366407426247728,
        0.3366407426247728,
        0.3366407426247728,
        0.4029588136511016,
        0.4029588136511016,
        0.5887401080735211,
        7.485697746276855,
        0.0,
        0.0,
        0.0,
        0.0
      ],
      "triggerTime_ms": 0,
      "faceAngle": 0.0,
      "leftEye": [
        9.169666010979592,
        1.41450231577997,
        1.214332921016245,
        0.8519133775328385,
        0.0,
        0.4029588136511016,
        0.4029588136511016,
        0.3366407426247728,
        0.3366407426247728,
        0.3366407426247728,
        0.3366407426247728,
        0.4029588136511016,
        0.4029588136511016,
        0.5635027889141048,
        7.485697746276855,
        0.0,
        0.0,
        0.0,
        0.0
      ]
    },
    {
      "durationTime_ms": 0,
      "faceCenterY": 12.636706765728151,
      "faceCenterX": 1.7808526192448184,
      "Name": "ProceduralFaceKeyFrame",
      "faceScaleY": 1.0,
      "faceScaleX": 1.0,
      "rightEye": [
        -10.206374107265454,
        0.0,
        1.2346510280259329,
        0.9052803931751328,
        0.0,
        0.4029588136511016,
        0.4029588136511016,
        0.3366407426247728,
        0.3366407426247728,
        0.3366407426247728,
        0.3366407426247728,
        0.4029588136511016,
        0.4029588136511016,
        0.6959048747699497,
        7.920091152191161,
        0.0,
        0.0,
        0.0,
        0.0
      ],
      "triggerTime_ms": 33,
      "faceAngle": 0.0,
      "leftEye": [
        9.169666010979592,
        1.41450231577997,
        1.2126624430477118,
        0.8519133775328385,
        0.0,
        0.4029588136511016,
        0.4029588136511016,
        0.3366407426247728,
        0.3366407426247728,
        0.3366407426247728,
        0.3366407426247728,
        0.4029588136511016,
        0.4029588136511016,
        0.6940006885703591,
        6.3785715103149405,
        0.0,
        0.0,
        0.0,
        0.0
      ]
    },
    {
      "durationTime_ms": 0,
      "faceCenterY": 12.801403925949446,
      "faceCenterX": 2.2634153435955664,
      "Name": "ProceduralFaceKeyFrame",
      "faceScaleY": 1.0,
      "faceScaleX": 1.0,
      "rightEye": [
        -10.206374107265454,
        0.0,
        1.2280916530107755,
        0.9052803931751328,
        0.0,
        0.4029588136511016,
        0.4029588136511016,
        0.3366407426247728,
        0.3366407426247728,
        0.3366407426247728,
        0.3366407426247728,
        0.4029588136511016,
        0.4029588136511016,
        0.6401792194191118,
        7.694206714630126,
        0.0,
        0.0,
        0.0,
        0.0
      ],
      "triggerTime_ms": 66,
      "faceAngle": 0.0,
      "leftEye": [
        9.169666010979592,
        1.41450231577997,
        1.2135311157693818,
        0.8519133775328385,
        0.0,
        0.4029588136511016,
        0.4029588136511016,
        0.3366407426247728,
        0.3366407426247728,
        0.3366407426247728,
        0.3366407426247728,
        0.4029588136511016,
        0.4029588136511016,
        0.6261418026223711,
        6.954277038574218,
        0.0,
        0.0,
        0.0,
        0.0
      ]
    },
    {
      "durationTime_ms": 0,
      "faceCenterY": 12.472009605506857,
      "faceCenterX": 3.2285409677338426,
      "Name": "ProceduralFaceKeyFrame",
      "faceScaleY": 1.0,
      "faceScaleX": 1.0,
      "rightEye": [
        -10.206374107265454,
        0.0,
        1.302766868363648,
        0.9052803931751328,
        0.0,
        0.4029588136511016,
        0.4029588136511016,
        0.3366407426247728,
        0.3366407426247728,
        0.3366407426247728,
        0.3366407426247728,
        0.4029588136511016,
        0.4029588136511016,
        0.5110728550619964,
        10.26581573486328,
        0.0,
        0.0,
        0.0,
        0.0
      ],
      "triggerTime_ms": 132,
      "faceAngle": 0.0,
      "leftEye": [
        9.169666010979592,
        1.41450231577997,
        1.2036417562437642,
        0.8519133775328385,
        0.0,
        0.4029588136511016,
        0.4029588136511016,
        0.3366407426247728,
        0.3366407426247728,
        0.3366407426247728,
        0.3366407426247728,
        0.4029588136511016,
        0.4029588136511016,
        0.5796986651621749,
        0.40008860826492304,
        0.0,
        0.0,
        0.0,
        0.0
      ]
    },
    {
      "durationTime_ms": 0,
      "faceCenterY": 12.472009605506857,
      "faceCenterX": 3.2285409677338426,
      "Name": "ProceduralFaceKeyFrame",
      "faceScaleY": 1.0,
      "faceScaleX": 1.0,
      "rightEye": [
        -10.206374107265454,
        0.0,
        1.302766868363648,
        0.9052803931751328,
        0.0,
        0.4029588136511016,
        0.4029588136511016,
        0.3366407426247728,
        0.3366407426247728,
        0.3366407426247728,
        0.3366407426247728,
        0.4029588136511016,
        0.4029588136511016,
        0.5110728550619964,
        10.26581573486328,
        0.0,
        0.0,
        0.0,
        0.0
      ],
      "triggerTime_ms": 396,
      "faceAngle": 0.0,
      "leftEye": [
        9.169666010979592,
        1.41450231577997,
        1.2036417562437642,
        0.8519133775328385,
        0.0,
        0.4029588136511016,
        0.4029588136511016,
        0.3366407426247728,
        0.3366407426247728,
        0.3366407426247728,
        0.3366407426247728,
        0.4029588136511016,
        0.4029588136511016,
        0.5796986651621749,
        0.40008860826492304,
        0.0,
        0.0,
        0.0,
        0.0
      ]
    },
    {
      "durationTime_ms": 0,
      "faceCenterY": 13.383003472620205,
      "faceCenterX": -3.955130311092828,
      "Name": "ProceduralFaceKeyFrame",
      "faceScaleY": 1.0,
      "faceScaleX": 1.0,
      "rightEye": [
        -10.206374107265454,
        0.0,
        1.233437181247067,
        0.9052803931751328,
        0.0,
        0.24012841289509407,
        0.24012841289509407,
        0.3366407426247728,
        0.3366407426247728,
        0.3366407426247728,
        0.3366407426247728,
        0.23895224077302055,
        0.23895224077302055,
        0.7294970689319031,
        1.4496842622756956,
        0.0,
        0.0,
        0.0,
        0.0
      ],
      "triggerTime_ms": 429,
      "faceAngle": 0.0,
      "leftEye": [
        9.169666010979592,
        1.41450231577997,
        1.2128231516568204,
        0.8519133775328385,
        0.0,
        0.24012841289509407,
        0.24012841289509407,
        0.3366407426247728,
        0.3366407426247728,
        0.3366407426247728,
        0.3366407426247728,
        0.7928625363114712,
        0.7928625363114712,
        0.6012961440205714,
        12.47661781311035,
        0.0,
        0.0,
        0.0,
        0.0
      ]
    },
    {
      "durationTime_ms": 0,
      "faceCenterY": 13.532802926226283,
      "faceCenterX": -5.136380195981187,
      "Name": "ProceduralFaceKeyFrame",
      "faceScaleY": 1.0,
      "faceScaleX": 1.0,