{
  "anim_reacttoblock_lifteffortplacelow_01": [
    {
      "durationTime_ms": 0,
      "faceCenterY": 0.0,
      "faceCenterX": 0.0,
      "Name": "ProceduralFaceKeyFrame",
      "faceScaleY": 1.0,
      "faceScaleX": 1.0,
      "rightEye": [
        -10.206374107265454,
        0.0,
        1.2220369777691873,
        0.9052803931751328,
        0.0,
        0.5,
        0.5,
        0.5,
        0.5,
        0.5,
        0.5,
        0.5,
        0.5,
        0.0,
        0.0,
        0.0,
        0.0,
        0.0,
        0.0
      ],
      "triggerTime_ms": 0,
      "faceAngle": 0.0,
      "leftEye": [
        9.169666010979592,
        0.0,
        1.214332921016245,
        0.9052803931751328,
        0.0,
        0.5,
        0.5,
        0.5,
        0.5,
        0.5,
        0.5,
        0.5,
        0.5,
        0.0,
        0.0,
        0.0,
        0.0,
        0.0,
        0.0
      ]
    },
    {
      "durationTime_ms": 0,
      "faceCenterY": 4.6162952073446215,
      "faceCenterX": 0.0,
      "Name": "ProceduralFaceKeyFrame",
      "faceScaleY": 0.9071225517572011,
      "faceScaleX": 0.9384033079182742,
      "rightEye": [
        -10.206374107265454,
        0.0,
        1.2220369777691873,
        0.9052803931751328,
        0.0,
        0.5,
        0.5,
        0.5,
        0.5,
        0.5,
        0.5,
        0.5,
        0.5,
        0.0,
        0.0,
        0.0,
        0.0,
        0.0,
        0.0
      ],
      "triggerTime_ms": 33,
      "faceAngle": 0.0,
      "leftEye": [
        9.169666010979592,
        0.0,
        1.214332921016245,
        0.9052803931751328,
        0.0,
        0.5,
        0.5,
        0.5,
        0.5,
        0.5,
        0.5,
        0.5,
        0.5,
        0.0,
        0.0,
        0.0,
        0.0,
        0.0,
        0.0
      ]
    },
    {
      "durationTime_ms": 0,
      "faceCenterY": -7.461163901377344,
      "faceCenterX": 0.0,
      "Name": "ProceduralFaceKeyFrame",
      "faceScaleY": 1.0703418254852295,
      "faceScaleX": 0.9937140941040026,
      "rightEye": [
        -10.206374107265454,
        0.0,
        1.2220369777691873,
        0.9052803931751328,
        0.0,
        0.5861491907248109,
        0.5861491907248109,
        0.5,
        0.5,
        0.8078866575176775,
        0.6206416842480884,
        0.5861491907248109,
        0.5861491907248109,
        0.0,
        0.0,
        0.0,
        0.0,
        0.0,
        0.0
      ],
      "triggerTime_ms": 132,
      "faceAngle": 0.0,
      "leftEye": [
        9.169666010979592,
        0.0,
        1.214332921016245,
        0.9052803931751328,
        0.0,
        0.5861491907248109,
        0.5861491907248109,
        0.5,
        0.5,
        0.8078866575176775,
        0.6206416842480884,
        0.5861491907248109,
        0.5861491907248109,
        0.0,
        0.0,
        0.0,
        0.0,
        0.0,
        0.0
      ]
    },
    {
      "durationTime_ms": 0,
      "faceCenterY": -10.167352075369958,
      "faceCenterX": 0.0,
      "Name": "ProceduralFaceKeyFrame",
      "faceScaleY": 1.112074613571167,
      "faceScaleX": 1.0126745700836182,
      "rightEye": [
        -10.206374107265454,
        0.0,
        1.2220369777691873,
        0.9052803931751328,
        0.0,
        0.6055951420626045,
        0.6055951420626045,
        0.5,
        0.5,
        0.8530699459811437,
        0.6440911964487874,
        0.6055951420626045,
        0.6055951420626045,
        0.0,
        0.0,
        0.0,
        0.0,
        0.0,
        0.0
      ],
      "triggerTime_ms": 330,
      "faceAngle": 0.0,
      "leftEye": [
        9.169666010979592,
        0.0,
        1.214332921016245,
        0.9052803931751328,
        0.0,
        0.6055951420626045,
        0.6055951420626045,
        0.5,
        0.5,
        0.8530699459811437,
        0.6440911964487874,
        0.6055951420626045,
        0.6055951420626045,
        0.0,
        0.0,
        0.0,
        0.0,
        0.0,
        0.0
      ]
    },
    {
      "durationTime_ms": 0,
      "faceCenterY": 6.521915558186607,
      "faceCenterX": 0.0,
      "Name": "ProceduralFaceKeyFrame",
      "faceScaleY": 0.2156009386994549,
      "faceScaleX": 1.4158259630203247,
      "rightEye": [
        -10.206374107265454,
        0.0,
        1.385624670163146,
        0.9052803931751328,
        0.0,
        0.12795145923490794,
        0.12795145923490794,
        0.07947491924484408,
        0.07947491924484408,
        0.19211159936404332,
        0.1379319222262107,
        0.12795145923490794,
        0.12795145923490794,
        0.0,
        0.0,
        0.0,
        0.0,
        0.0,
        0.0
      ],
      "triggerTime_ms": 396,
      "faceAngle": 0.0,
      "leftEye": [
        9.169666010979592,
        0.0,
        1.3722445819181237,
        0.9052803931751328,
        0.0,
        0.12795145923490794,
        0.12795145923490794,
        0.07947491924484408,
        0.07947491924484408,
        0.19211159936404332,
        0.1379319222262107,
        0.12795145923490794,
        0.12795145923490794,
        0.0,
        0.0,
        0.0,
        0.0,
        0.0,
        0.0
      ]
    },
    {
      "durationTime_ms": 0,
      "faceCenterY": 11.648677573006127,
      "faceCenterX": 0.0,
      "Name": "ProceduralFaceKeyFrame",
      "faceScaleY": 0.0746653012631696,
      "faceScaleX": 1.818399429321289,
      "rightEye": [
        -10.206374107265454,
        0.0,
        1.578522208770766,
        0.9052803931751328,
        0.0,
        0.01,
        0.01,
        0.01,
        0.01,
        0.01,
        0.01,
        0.01,
        0.01,
        0.0,
        0.0,
        0.0,
        0.0,
        0.0,
        0.0
      ],
      "triggerTime_ms": 429,
      "faceAngle": 0.0,
      "leftEye": [
        9.169666010979592,
        0.0,
        1.5584491201178454,
        0.9052803931751328,
        0.0,
        0.01,
        0.01,
        0.01,
        0.01,
        0.01,
        0.01,
        0.01,
        0.01,
        0.0,
        0.0,
        0.0,
        0.0,
        0.0,
        0.0
      ]
    },
    {
      "durationTime_ms": 0,
      "faceCenterY": 14.392369432322882,
      "faceCenterX": 0.0,
      "Name": "ProceduralFaceKeyFrame",
      "faceScaleY": 0.0746653012631696,
      "faceScaleX": 1.818399429321289,
      "rightEye": [
        -10.206374107265454,
        0.0,
        1.578522208770766,
        0.9052803931751328,
        0.0,
        0.01,
        0.01,
        0.01,
        0.01,
        0.01,
        0.01,
        0.01,
        0.01,
        0.0,
        0.0,
        0.0,
        0.0,
        0.0,
        0.0
      ],
      "triggerTime_ms": 462,
      "faceAngle": 0.0,
      "leftEye": [
        9.169666010979592,
        0.0,
        1.5584491201178454,
        0.9052803931751328,
        0.0,
        0.01,
        0.01,
        0.01,
        0.01,
        0.01,
        0.01,
        0.01,
        0.01,
        0.0,
        0.0,
        0.0,
        0.0,
        0.0,
        0.0
      ]
    },
    {
      "durationTime_ms": 0,
      "faceCenterY": 15.304660722047176,
      "faceCenterX": 0.0,
      "Name": "ProceduralFaceKeyFrame",
      "faceScaleY": 0.3382131763967489,
      "faceScaleX": 1.4191513061523438,
      "rightEye": [
        -10.206374107265454,
        0.0,
        1.3399654646141557,
        0.9052803931751328,
        0.0,
        0.21673791800459224,
        0.21673791800459224,
        0.21673791800459224,
        0.21673791800459224,
        0.21673791800459224,
        0.21673791800459224,
        0.21673791800459224,
        0.21673791800459224,
        0.0,
        0.0,
        0.0,
        0.0,
        0.0,
        0.0
      ],
      "triggerTime_ms": 495,
      "faceAngle": 0.0,