{
  "anim_vc_listening_loop_02": [
    {
      "durationTime_ms": 440,
      "triggerTime_ms": 55,
      "Name": "LiftHeightKeyFrame",
      "heightVariability_mm": 0,
      "height_mm": 32
    },
    {
      "angleVariability_deg": 0,
      "angle_deg": 31,
      "triggerTime_ms": 165,
      "Name": "HeadAngleKeyFrame",
      "durationTime_ms": 550
    },
    {
      "Name": "ProceduralFaceKeyFrame",
      "faceScaleY": 0.9487976715573475,
      "scanlineOpacity": 1.0,
      "faceScaleX": 0.8097416074000992,
      "leftEye": [
        4.638200741761516,
        0.0,
        1.6768517251958597,
        1.4177657271681168,
        0.0,
        0.6432799893238844,
        0.6432799893238844,
        0.6,
        0.6,
        0.8886531842466663,
        0.8886531842466663,
        0.6432799893238844,
        0.6432799893238844,
        0.0,
        0.0,
        0.0,
        0.0,
        0.0,
        0.0,
        1,
        1.0,
        0.0,
        0.0,
        0.0,
        0
      ],
      "faceAngle": 0.0,
      "durationTime_ms": 0,
      "faceCenterY": 4.6341680341876454,
      "faceCenterX": 0.0,
      "rightEye": [
        -7.315991464547729,
        0.0,
        1.6768517251958597,
        1.4175151479700703,
        0.0,
        0.6432799893238844,
        0.6432799893238844,
        0.6,
        0.6,
        0.8886531842466663,
        0.8886531842466663,
        0.6432799893238844,
        0.6432799893238844,
        0.0,
        0.0,
        0.0,
        0.0,
        0.0,
        0.0,
        1,
        1.0,
        0.0,
        0.0,
        0.0,
        0
      ],
      "triggerTime_ms": 55
    },
    {
      "Name": "ProceduralFaceKeyFrame",
      "faceScaleY": 1.035009800711684,
      "scanlineOpacity": 1.0,
      "faceScaleX": 0.9892790690176456,
      "leftEye": [
        4.148687366309105,
        0.0,
        1.6768517251958597,
        1.4177657271681168,
        1.7812450387344394,
        0.6432799893238844,
        0.6432799893238844,
        0.6,
        0.6,
        0.8886531842466663,
        0.8886531842466663,
        0.6432799893238844,
        0.6432799893238844,
        0.0,
        0.0,
        0.0,
        0.0,
        0.0,
        0.0,
        1,
        1.0,
        0.0,
        0.0,
        0.0,
        0
      ],
      "faceAngle": 0.0,
      "durationTime_ms": 0,
      "faceCenterY": 0.46435322146601266,
      "faceCenterX": -1.7694587447124235,
      "rightEye": [
        -7.315991464547729,
        0.16518815002346088,
        1.6317407467320184,
        1.3793885260512695,
        -2.0276016685291878,
        0.6432799893238844,
        0.6432799893238844,
        0.6,
        0.6,
        0.8886531842466663,
        0.8886531842466663,
        0.6432799893238844,
        0.6432799893238844,
        0.0,
        0.0,
        0.0,
        0.0,
        0.0,
        0.0,
        1,
        1.0,
        0.0,
        0.0,
        0.0,
        0
      ],
      "triggerTime_ms": 275
    },
    {
      "Name": "ProceduralFaceKeyFrame",
      "faceScaleY": 1.0362010864647078,
      "scanlineOpacity": 1.0,
      "faceScaleX": 0.980409505693332,
      "leftEye": [
        4.080301732478986,
        0.0,
        1.6751154033359126,
        1.419999708512465,
        1.7775198061684254,
        0.6432799893238844,
        0.6432799893238844,
        0.6,
        0.6,
        0.8886531842466663,
        0.8886531842466663,
        0.6432799893238844,
        0.6432799893238844,
        0.0,
        0.0,
        0.0,
        0.0,
        0.0,
        0.0,
        1,
        1.0,
        0.0,
        0.0,
        0.0,
        0
      ],
      "faceAngle": 0.0,
      "durationTime_ms": 0,
      "faceCenterY": 0.5238573815069998,
      "faceCenterX": -1.8340285782108054,
      "rightEye": [
        -7.315991464547729,
        0.16518815002346088,
        1.626366870998356,
        1.3654832906517123,
        -2.0229698022563927,
        0.6432799893238844,
        0.6432799893238844,
        0.6,
        0.6,
        0.8886531842466663,
        0.8886531842466663,
        0.6432799893238844,
        0.6432799893238844,
        0.0,
        0.0,
        0.0,
        0.0,
        0.0,
        0.0,
        1,
        1.0,
        0.0,
        0.0,
        0.0,
        0
      ],
      "triggerTime_ms": 385
    },
    {
      "Name": "ProceduralFaceKeyFrame",
      "faceScaleY": 1.021684295887113,
      "scanlineOpacity": 1.0,
      "faceScaleX": 0.9762095762452373,
      "leftEye": [
        4.277846784045948,
        0.0,
        1.6468206785600272,
        1.4122976010897057,
        1.7304858497080378,
        0.6432799893238844,
        0.6432799893238844,
        0.6,
        0.6,
        0.8886531842466663,
        0.8886531842466663,
        0.6432799893238844,
        0.6432799893238844,
        0.0,
        0.0,
        0.0,
        0.0,
        0.0,
        0.0,
        1,
        1.0,
        0.0,
        0.0,
        0.0,
        0
      ],
      "faceAngle": 0.0,
      "durationTime_ms": 0,
      "faceCenterY": 1.203281924686614,
      "faceCenterX": -1.9180771469706173,
      "rightEye": [
        -7.315991464547729,
        0.16518815002346088,
        1.6165753046222628,
        1.306916483517444,
        -1.9644892302828347,
        0.6432799893238844,
        0.6432799893238844,
        0.6,
        0.6,
        0.8886531842466663,
        0.8886531842466663,
        0.6432799893238844,
        0.6432799893238844,
        0.0,
        0.0,
        0.0,
        0.0,
        0.0,
        0.0,
        1,
        1.0,
        0.0,
        0.0,
        0.0,
        0
      ],
      "triggerTime_ms": 715
    },
    {
      "Name": "ProceduralFaceKeyFrame",
      "faceScaleY": 1.021684295887113,
      "scanlineOpacity": 1.0,
      "faceScaleX": 0.9762095762452373,
      "leftEye": [
        4.277846784045948,
        0.0,
        1.6468206785600272,
        1.4122976010897057,
        1.7304858497080378,
        0.6432799893238844,
        0.6432799893238844,
        0.6,
        0.6,
        0.8886531842466663,
        0.8886531842466663,
        0.6432799893238844,
        0.6432799893238844,
        0.0,
        0.0,
        0.0,
        0.0,
        0.0,
        0.0,
        1,
        1.0,
        0.0,
        0.0,
        0.0,
        0
      ],
      "faceAngle": 0.0,
      "durationTime_ms": 0,
      "faceCenterY": 1.203281924686614,
      "faceCenterX": -1.9180771469706173,
      "rightEye": [
        -7.315991464547729,
        0.16518815002346088,
        1.6165753046222628,
        1.306916483517444,
        -1.9644892302828347,
        0.6432799893238844,
        0.6432799893238844,
        0.6,
        0.6,
        0.8886531842466663,
        0.8886531842466663,
        0.6432799893238844,
        0.6432799893238844,
        0.0,
        0.0,
        0.0,
        0.0,
        0.0,
        0.0,
        1,
        1.0,
        0.0,
        0.0,
        0.0,
        0
      ],
      "triggerTime_ms": 1925
    }
  ]
}