{
  "anim_keepalive_blink_01": [
    {
      "durationTime_ms": 0,
      "faceCenterY": 0.0,
      "faceCenterX": 0.0,
      "Name": "ProceduralFaceKeyFrame",
      "faceScaleY": 1.0,
      "faceScaleX": 1.0,
      "rightEye": [
        -10.206374107265454,
        0.0,
        1.2220369777691873,
        0.9052803931751328,
        0.0,
        0.5,
        0.5,
        0.5,
        0.5,
        0.5,
        0.5,
        0.5,
        0.5,
        0.0,
        0.0,
        0.0,
        0.0,
        0.0,
        0.0
      ],
      "triggerTime_ms": 0,
      "faceAngle": 0.0,
      "leftEye": [
        9.169666010979592,
        0.0,
        1.214332921016245,
        0.9052803931751328,
        0.0,
        0.5,
        0.5,
        0.5,
        0.5,
        0.5,
        0.5,
        0.5,
        0.5,
        0.0,
        0.0,
        0.0,
        0.0,
        0.0,
        0.0
      ]
    },
    {
      "durationTime_ms": 0,
      "faceCenterY": 0.32417266637958525,
      "faceCenterX": 0.0,
      "Name": "ProceduralFaceKeyFrame",
      "faceScaleY": 0.9375005359630788,
      "faceScaleX": 1.0552767515182495,
      "rightEye": [
        -10.206374107265454,
        0.0,
        1.2461149451679268,
        0.9052803931751328,
        0.0,
        0.4669041556237693,
        0.4669041556237693,
        0.4669041556237693,
        0.4669041556237693,
        0.4669041556237693,
        0.4669041556237693,
        0.4669041556237693,
        0.4669041556237693,
        0.0,
        0.0,
        0.0,
        0.0,
        0.0,
        0.0
      ],
      "triggerTime_ms": 33,
      "faceAngle": 0.0,
      "leftEye": [
        9.169666010979592,
        0.0,
        1.2375754508634182,
        0.9052803931751328,
        0.0,
        0.4669041556237693,
        0.4669041556237693,
        0.4669041556237693,
        0.4669041556237693,
        0.4669041556237693,
        0.4669041556237693,
        0.4669041556237693,
        0.4669041556237693,
        0.0,
        0.0,
        0.0,
        0.0,
        0.0,
        0.0
      ]
    },
    {
      "durationTime_ms": 0,
      "faceCenterY": 7.939861178552975,
      "faceCenterX": 0.0,
      "Name": "ProceduralFaceKeyFrame",
      "faceScaleY": 0.0746653012631696,
      "faceScaleX": 1.818399429321289,
      "rightEye": [
        -10.206374107265454,
        0.0,
        1.578522208770766,
        0.9052803931751328,
        0.0,
        0.01,
        0.01,
        0.01,
        0.01,
        0.01,
        0.01,
        0.01,
        0.01,
        0.0,
        0.0,
        0.0,
        0.0,
        0.0,
        0.0
      ],
      "triggerTime_ms": 66,
      "faceAngle": 0.0,
      "leftEye": [
        9.169666010979592,
        0.0,
        1.5584491201178454,
        0.9052803931751328,
        0.0,
        0.01,
        0.01,
        0.01,
        0.01,
        0.01,
        0.01,
        0.01,
        0.01,
        0.0,
        0.0,
        0.0,
        0.0,
        0.0,
        0.0
      ]
    },
    {
      "durationTime_ms": 0,
      "faceCenterY": 9.506501727138643,
      "faceCenterX": 0.0,
      "Name": "ProceduralFaceKeyFrame",
      "faceScaleY": 0.0746653012631696,
      "faceScaleX": 1.818399429321289,
      "rightEye": [
        -10.206374107265454,
        0.0,
        1.578522208770766,
        0.9052803931751328,
        0.0,
        0.01,
        0.01,
        0.01,
        0.01,
        0.01,
        0.01,
        0.01,
        0.01,
        0.0,
        0.0,
        0.0,
        0.0,
        0.0,
        0.0
      ],
      "triggerTime_ms": 99,
      "faceAngle": 0.0,
      "leftEye": [
        9.169666010979592,
        0.0,
        1.5584491201178454,
        0.9052803931751328,
        0.0,
        0.01,
        0.01,
        0.01,
        0.01,
        0.01,
        0.01,
        0.01,
        0.01,
        0.0,
        0.0,
        0.0,
        0.0,
        0.0,
        0.0
      ]
    },
    {
      "durationTime_ms": 0,
      "faceCenterY": 6.4828013555680295,
      "faceCenterX": 0.0,
      "Name": "ProceduralFaceKeyFrame",
      "faceScaleY": 0.0746653012631696,
      "faceScaleX": 1.818399429321289,
      "rightEye": [
        -10.206374107265454,
        0.0,
        1.578522208770766,
        0.9052803931751328,
        0.0,
        0.01,
        0.01,
        0.01,
        0.01,
        0.01,
        0.01,
        0.01,
        0.01,
        0.0,
        0.0,
        0.0,
        0.0,
        0.0,
        0.0
      ],
      "triggerTime_ms": 132,
      "faceAngle": 0.0,
      "leftEye": [
        9.169666010979592,
        0.0,
        1.5584491201178454,
        0.9052803931751328,
        0.0,
        0.01,
        0.01,
        0.01,
        0.01,
        0.01,
        0.01,
        0.01,
        0.01,
        0.0,
        0.0,
        0.0,
        0.0,
        0.0,
        0.0
      ]
    },
    {
      "durationTime_ms": 0,
      "faceCenterY": 0.0,
      "faceCenterX": 0.0,
      "Name": "ProceduralFaceKeyFrame",
      "faceScaleY": 0.3381009408510185,
      "faceScaleX": 1.156723141670227,
      "rightEye": [
        -10.206374107265454,
        0.0,
        1.4011665741505803,
        0.9052803931751328,
        0.0,
        0.12161771691736581,
        0.12161771691736581,
        0.12161771691736581,
        0.12161771691736581,
        0.12161771691736581,
        0.12161771691736581,
        0.12161771691736581,
        0.12161771691736581,
        0.0,
        0.0,
        0.0,
        0.0,
        0.0,
        0.0
      ],
      "triggerTime_ms": 165,
      "faceAngle": 0.0,
      "leftEye": [
        9.169666010979592,
        0.0,
        1.3872472256777757,
        0.9052803931751328,
        0.0,
        0.12161771691736581,
        0.12161771691736581,
        0.12161771691736581,
        0.12161771691736581,
        0.12161771691736581,
        0.12161771691736581,
        0.12161771691736581,
        0.12161771691736581,
        0.0,
        0.0,
        0.0,
        0.0,
        0.0,
        0.0
      ]
    },
    {
      "durationTime_ms": 0,
      "faceCenterY": 0.0,
      "faceCenterX": 0.0,
      "Name": "ProceduralFaceKeyFrame",
      "faceScaleY": 1.0412633419036865,
      "faceScaleX": 1.0,
      "rightEye": [
        -10.206374107265454,
        0.0,
        1.277965038635759,
        0.9052803931751328,
        0.0,
        0.45839495128685404,
        0.45839495128685404,
        0.45839495128685404,
        0.45839495128685404,
        0.45839495128685404,
        0.45839495128685404,
        0.45839495128685404,
        0.45839495128685404,
        0.0,
        0.0,
        0.0,
        0.0,
        0.0,
        0.0
      ],
      "triggerTime_ms": 297,
      "faceAngle": 0.0,
      "leftEye": [
        9.169666010979592,
        0.0,
        1.2683204359273652,
        0.9052803931751328,
        0.0,
        0.45839495128685404,
        0.45839495128685404,
        0.45839495128685404,
        0.45839495128685404,
        0.45839495128685404,
        0.45839495128685404,
        0.45839495128685404,
        0.45839495128685404,
        0.0,
        0.0,
        0.0,
        0.0,
        0.0,
        0.0
      ]
    },
    {
      "durationTime_ms": 0,
      "faceCenterY": 0.0,
      "faceCenterX": 0.0,
      "Name": "ProceduralFaceKeyFrame",
      "faceScaleY": 1.0360559225082397,
      "faceScaleX": 1.0,
      "rightEye": [
        -10.206374107265454,
        0.0,
        1.2542358525189603,
        0.9052803931751328,
        0.0,
        0.4827698604668334,
        0.4827698604668334,
        0.4827698604668334,
        0.4827698604668334,
        0.4827698604668334,
        0.4827698604668334,
        0.4827698604668334,
        0.4827698604668334,
        0.0,
        0.0,
        0.0,
        0.0,
        0.0,
        0.0
      ],
      "triggerTime_ms": 363,
      "faceAngle": 0.0,