{
  "anim_fistbump_idle_01": [
    {
      "durationTime_ms": 1716,
      "triggerTime_ms": 0,
      "Name": "LiftHeightKeyFrame",
      "heightVariability_mm": 0,
      "height_mm": 79.56756756756755
    },
    {
      "durationTime_ms": 0,
      "faceCenterY": -5.701579062893592,
      "faceCenterX": 0.0,
      "Name": "ProceduralFaceKeyFrame",
      "faceScaleY": 1.2111011743545532,
      "faceScaleX": 1.1412653923034668,
      "rightEye": [
        -11.361539541647298,
        -0.005354624695677229,
        1.2220369777691873,
        0.9052803931751328,
        0.0,
        0.6020489101743856,
        0.6020489101743856,
        0.5,
        0.5,
        0.7371136563763088,
        0.6230589608271018,
        0.6020489101743856,
        0.6020489101743856,
        0.0,
        0.0,
        0.0,
        0.0,
        0.0,
        0.0
      ],
      "triggerTime_ms": 0,
      "faceAngle": 0.0,
      "leftEye": [
        10.473907862239393,
        0.0,
        1.214332921016245,
        0.9052803931751328,
        0.0,
        0.6020489101743856,
        0.6020489101743856,
        0.5,
        0.5,
        0.7371136563763088,
        0.6230589608271018,
        0.6020489101743856,
        0.6020489101743856,
        0.0,
        0.0,
        0.0,
        0.0,
        0.0,
        0.0
      ]
    },
    {
      "durationTime_ms": 0,
      "faceCenterY": -5.701579062893592,
      "faceCenterX": 0.0,
      "Name": "ProceduralFaceKeyFrame",
      "faceScaleY": 1.2111011743545532,
      "faceScaleX": 1.1412653923034668,
      "rightEye": [
        -11.361539541647298,
        -0.005354624695677229,
        1.2220369777691873,
        0.9052803931751328,
        0.0,
        0.6020489101743856,
        0.6020489101743856,
        0.5,
        0.5,
        0.7371136563763088,
        0.6230589608271018,
        0.6020489101743856,
        0.6020489101743856,
        0.0,
        0.0,
        0.0,
        0.0,
        0.0,
        0.0
      ],
      "triggerTime_ms": 330,
      "faceAngle": 0.0,
      "leftEye": [
        10.473907862239393,
        0.0,
        1.214332921016245,
        0.9052803931751328,
        0.0,
        0.6020489101743856,
        0.6020489101743856,
        0.5,
        0.5,
        0.7371136563763088,
        0.6230589608271018,
        0.6020489101743856,
        0.6020489101743856,
        0.0,
        0.0,
        0.0,
        0.0,
        0.0,
        0.0
      ]
    },
    {
      "durationTime_ms": 0,
      "faceCenterY": -3.914793998974075,
      "faceCenterX": 0.0,
      "Name": "ProceduralFaceKeyFrame",
      "faceScaleY": 1.2113101482391357,
      "faceScaleX": 1.2329524755477905,
      "rightEye": [
        -10.953838831604694,
        0.25998546751079493,
        1.2220369777691873,
        0.9152186899187313,
        0.0,
        0.6682828430635759,
        0.6682828430635759,
        0.5,
        0.5,
        0.8910100780863957,
        0.7029292743103674,
        0.6682828430635759,
        0.6682828430635759,
        0.0,
        0.0,
        0.0,
        0.0,
        0.0,
        0.0
      ],
      "triggerTime_ms": 396,
      "faceAngle": 0.0,
      "leftEye": [
        12.877826532968347,
        0.7986560657859983,
        1.1690308491238914,
        0.8761226451215123,
        0.0,
        0.6682828430635759,
        0.6682828430635759,
        0.5,
        0.5,
        0.8910100780863957,
        0.7029292743103674,
        0.6682828430635759,
        0.6682828430635759,
        0.0,
        0.0,
        0.0,
        0.0,
        0.0,
        0.0
      ]
    },
    {
      "durationTime_ms": 0,
      "faceCenterY": -6.865515106821989,
      "faceCenterX": 0.0,
      "Name": "ProceduralFaceKeyFrame",
      "faceScaleY": 1.3481144905090332,
      "faceScaleX": 1.2329524755477905,
      "rightEye": [
        -9.79638731745002,
        0.5288009295702666,
        1.2220369777691873,
        0.9251569866623299,
        0.0,
        0.6682828430635759,
        0.6682828430635759,
        0.5,
        0.5,
        0.8910100780863957,
        0.7029292743103674,
        0.6682828430635759,
        0.6682828430635759,
        0.0,
        0.0,
        0.0,
        0.0,
        0.0,
        0.0
      ],
      "triggerTime_ms": 462,
      "faceAngle": 0.0,
      "leftEye": [
        15.45903588885857,
        1.5973121315719967,
        1.123728701921402,
        0.8217016634904724,
        0.0,
        0.6682828430635759,
        0.6682828430635759,
        0.5,
        0.5,
        0.8910100780863957,
        0.7029292743103674,
        0.6682828430635759,
        0.6682828430635759,
        0.0,
        0.0,
        0.0,
        0.0,
        0.0,
        0.0
      ]
    },
    {
      "durationTime_ms": 0,
      "faceCenterY": -6.865515106821989,
      "faceCenterX": 0.0,
      "Name": "ProceduralFaceKeyFrame",
      "faceScaleY": 1.3481144905090332,
      "faceScaleX": 1.2329524755477905,
      "rightEye": [
        -9.79638731745002,
        0.5288009295702666,
        1.2220369777691873,
        0.9251569866623299,
        0.0,
        0.6682828430635759,
        0.6682828430635759,
        0.5,
        0.5,
        0.8910100780863957,
        0.7029292743103674,
        0.6682828430635759,
        0.6682828430635759,
        0.0,
        0.0,
        0.0,
        0.0,
        0.0,
        0.0
      ],
      "triggerTime_ms": 1485,
      "faceAngle": 0.0,
      "leftEye": [
        15.45903588885857,
        1.5973121315719967,
        1.123728701921402,
        0.8217016634904724,
        0.0,
        0.6682828430635759,
        0.6682828430635759,
        0.5,
        0.5,
        0.8910100780863957,
        0.7029292743103674,
        0.6682828430635759,
        0.6682828430635759,
        0.0,
        0.0,
        0.0,
        0.0,
        0.0,
        0.0
      ]
    },
    {
      "durationTime_ms": 0,
      "faceCenterY": -6.865515106821989,
      "faceCenterX": 2.263677095272172,
      "Name": "ProceduralFaceKeyFrame",
      "faceScaleY": 1.266852617263794,
      "faceScaleX": 1.2023102045059204,
      "rightEye": [
        -8.538200644751733,
        0.5288009295702666,
        1.2220369777691873,
        0.9251569866623299,
        0.0,
        0.6682828430635759,
        0.6682828430635759,
        0.5,
        0.5,
        0.8910100780863957,
        0.7029292743103674,
        0.6682828430635759,
        0.6682828430635759,
        0.0,
        0.0,
        0.0,
        0.0,
        0.0,
        0.0
      ],
      "triggerTime_ms": 1551,
      "faceAngle": 0.0,
      "leftEye": [
        15.63489894088399,
        1.5973121315719967,
        1.123728701921402,
        0.8217016634904724,
        0.0,
        0.6682828430635759,
        0.6682828430635759,
        0.5,
        0.5,
        0.8910100780863957,
        0.7029292743103674,
        0.6682828430635759,
        0.6682828430635759,
        0.0,
        0.0,
        0.0,
        0.0,
        0.0,
        0.0
      ]
    },
    {
      "durationTime_ms": 0,
      "faceCenterY": -6.865515106821989,
      "faceCenterX": 2.575423342109266,
      "Name": "ProceduralFaceKeyFrame",
      "faceScaleY": 1.3481144905090332,
      "faceScaleX": 1.2004717588424683,
      "rightEye": [
        -7.280006907530042,
        0.5288009295702666,
        1.2220369777691873,
        0.9251569866623299,
        0.0,
        0.6682828430635759,
        0.6682828430635759,
        0.5,
        0.5,
        0.8910100780863957,
        0.7029292743103674,
        0.6682828430635759,
        0.6682828430635759,
        0.0,
        0.0,
        0.0,
        0.0,
        0.0,
        0.0
      ],
      "triggerTime_ms": 1617,
      "faceAngle": 0.0,