{
  "anim_driving_upset_loop_03": [
    {
      "durationTime_ms": 0,
      "faceCenterY": 12.472009605506857,
      "faceCenterX": 0.0,
      "Name": "ProceduralFaceKeyFrame",
      "faceScaleY": 1.0,
      "faceScaleX": 1.0,
      "rightEye": [
        -10.206374107265454,
        0.0,
        1.2220369777691873,
        0.9052803931751328,
        0.0,
        0.4029588136511016,
        0.4029588136511016,
        0.3366407426247728,
        0.3366407426247728,
        0.3366407426247728,
        0.3366407426247728,
        0.4029588136511016,
        0.4029588136511016,
        0.5887401080735211,
        7.485697746276855,
        0.0,
        0.0,
        0.0,
        0.0
      ],
      "triggerTime_ms": 0,
      "faceAngle": 0.0,
      "leftEye": [
        9.169666010979592,
        1.41450231577997,
        1.214332921016245,
        0.8519133775328385,
        0.0,
        0.4029588136511016,
        0.4029588136511016,
        0.3366407426247728,
        0.3366407426247728,
        0.3366407426247728,
        0.3366407426247728,
        0.4029588136511016,
        0.4029588136511016,
        0.5635027889141048,
        7.485697746276855,
        0.0,
        0.0,
        0.0,
        0.0
      ]
    },
    {
      "durationTime_ms": 0,
      "faceCenterY": 12.472009605506857,
      "faceCenterX": 0.0,
      "Name": "ProceduralFaceKeyFrame",
      "faceScaleY": 1.0,
      "faceScaleX": 1.0,
      "rightEye": [
        -10.206374107265454,
        0.0,
        1.2220369777691873,
        0.9052803931751328,
        0.0,
        0.4029588136511016,
        0.4029588136511016,
        0.3366407426247728,
        0.3366407426247728,
        0.3366407426247728,
        0.3366407426247728,
        0.4029588136511016,
        0.4029588136511016,
        0.5887401080735211,
        7.485697746276855,
        0.0,
        0.0,
        0.0,
        0.0
      ],
      "triggerTime_ms": 396,
      "faceAngle": 0.0,
      "leftEye": [
        9.169666010979592,
        1.41450231577997,
        1.214332921016245,
        0.8519133775328385,
        0.0,
        0.4029588136511016,
        0.4029588136511016,
        0.3366407426247728,
        0.3366407426247728,
        0.3366407426247728,
        0.3366407426247728,
        0.4029588136511016,
        0.4029588136511016,
        0.5635027889141048,
        7.485697746276855,
        0.0,
        0.0,
        0.0,
        0.0
      ]
    },
    {
      "durationTime_ms": 0,
      "faceCenterY": 12.472009605506857,
      "faceCenterX": 0.0,
      "Name": "ProceduralFaceKeyFrame",
      "faceScaleY": 1.0,
      "faceScaleX": 1.0,
      "rightEye": [
        -10.206374107265454,
        0.0,
        1.3535720077295836,
        0.9052803931751328,
        0.0,
        0.11968064754454215,
        0.11968064754454215,
        0.10057562764495798,
        0.10057562764495798,
        0.10057562764495798,
        0.10057562764495798,
        0.11968064754454215,
        0.11968064754454215,
        0.6676239063633073,
        7.485697746276855,
        0.0,
        0.0,
        0.0,
        0.0
      ],
      "triggerTime_ms": 462,
      "faceAngle": 0.0,
      "leftEye": [
        9.169666010979592,
        1.41450231577997,
        1.3413040564582899,
        0.8519133775328385,
        0.0,
        0.11968064754454215,
        0.11968064754454215,
        0.10057562764495798,
        0.10057562764495798,
        0.10057562764495798,
        0.10057562764495798,
        0.11968064754454215,
        0.11968064754454215,
        0.6478288524979341,
        7.485697746276855,
        0.0,
        0.0,
        0.0,
        0.0
      ]
    },
    {
      "durationTime_ms": 0,
      "faceCenterY": 12.472009605506857,
      "faceCenterX": 0.0,
      "Name": "ProceduralFaceKeyFrame",
      "faceScaleY": 1.0,
      "faceScaleX": 1.0,
      "rightEye": [
        -10.206374107265454,
        0.0,
        1.257682964477627,
        0.9052803931751328,
        0.0,
        0.32619041265361437,
        0.32619041265361437,
        0.2726670803452845,
        0.2726670803452845,
        0.2726670803452845,
        0.2726670803452845,
        0.32619041265361437,
        0.32619041265361437,
        0.6101176349814421,
        7.485697746276855,
        0.0,
        0.0,
        0.0,
        0.0
      ],
      "triggerTime_ms": 561,
      "faceAngle": 0.0,
      "leftEye": [
        9.169666010979592,
        1.41450231577997,
        1.2487420925330086,
        0.8519133775328385,
        0.0,
        0.32619041265361437,
        0.32619041265361437,
        0.2726670803452845,
        0.2726670803452845,
        0.2726670803452845,
        0.2726670803452845,
        0.32619041265361437,
        0.32619041265361437,
        0.5863551369434039,
        7.485697746276855,
        0.0,
        0.0,
        0.0,
        0.0
      ]
    },
    {
      "durationTime_ms": 0,
      "faceCenterY": 12.472009605506857,
      "faceCenterX": 0.0,
      "Name": "ProceduralFaceKeyFrame",
      "faceScaleY": 1.0,
      "faceScaleX": 1.0,
      "rightEye": [
        -10.206374107265454,
        0.0,
        1.2220369777691873,
        0.9052803931751328,
        0.0,
        0.4029588136511016,
        0.4029588136511016,
        0.3366407426247728,
        0.3366407426247728,
        0.3366407426247728,
        0.3366407426247728,
        0.4029588136511016,
        0.4029588136511016,
        0.5887401080735211,
        7.485697746276855,
        0.0,
        0.0,
        0.0,
        0.0
      ],
      "triggerTime_ms": 726,
      "faceAngle": 0.0,
      "leftEye": [
        9.169666010979592,
        1.41450231577997,
        1.214332921016245,
        0.8519133775328385,
        0.0,
        0.4029588136511016,
        0.4029588136511016,
        0.3366407426247728,
        0.3366407426247728,
        0.3366407426247728,
        0.3366407426247728,
        0.4029588136511016,
        0.4029588136511016,
        0.5635027889141048,
        7.485697746276855,
        0.0,
        0.0,
        0.0,
        0.0
      ]
    },
    {
      "durationTime_ms": 0,
      "faceCenterY": 12.472009605506857,
      "faceCenterX": 0.0,
      "Name": "ProceduralFaceKeyFrame",
      "faceScaleY": 1.0,
      "faceScaleX": 1.0,
      "rightEye": [
        -10.206374107265454,
        0.0,
        1.2220369777691873,
        0.9052803931751328,
        0.0,
        0.4029588136511016,
        0.4029588136511016,
        0.3366407426247728,
        0.3366407426247728,
        0.3366407426247728,
        0.3366407426247728,
        0.4029588136511016,
        0.4029588136511016,
        0.5887401080735211,
        7.485697746276855,
        0.0,
        0.0,
        0.0,
        0.0
      ],
      "triggerTime_ms": 1485,
      "faceAngle": 0.0,
      "leftEye": [
        9.169666010979592,
        1.41450231577997,
        1.214332921016245,
        0.8519133775328385,
        0.0,
        0.4029588136511016,
        0.4029588136511016,
        0.3366407426247728,
        0.3366407426247728,
        0.3366407426247728,
        0.3366407426247728,
        0.4029588136511016,
        0.4029588136511016,
        0.5635027889141048,
        7.485697746276855,
        0.0,
        0.0,
        0.0,
        0.0
      ]
    },
    {
      "durationTime_ms": 0,
      "faceCenterY": 12.427327469133049,
      "faceCenterX": 0.17733010526733145,
      "Name": "ProceduralFaceKeyFrame",
      "faceScaleY": 1.0,
      "faceScaleX": 1.0,
      "rightEye": [
        -10.206374107265454,
        0.0,
        1.2220369777691873,
        0.9052803931751328,
        0.0,
        0.3278498601378651,
        0.3278498601378651,
        0.27404995324556475,
        0.27404995324556475,
        0.27404995324556475,
        0.27404995324556475,
        0.3278498601378651,
        0.3278498601378651,
        0.6503525433090995,
        2.811413764953613,
        0.0,
        0.0,
        0.0,
        0.0
      ],
      "triggerTime_ms": 1518,
      "faceAngle": 0.0,