{
  "anim_fistbump_idle_03": [
    {
      "durationTime_ms": 2640,
      "triggerTime_ms": 0,
      "Name": "LiftHeightKeyFrame",
      "heightVariability_mm": 0,
      "height_mm": 79.56756756756755
    },
    {
      "durationTime_ms": 0,
      "faceCenterY": -5.701579062893592,
      "faceCenterX": 0.0,
      "Name": "ProceduralFaceKeyFrame",
      "faceScaleY": 1.2111011743545532,
      "faceScaleX": 1.1412653923034668,
      "rightEye": [
        -11.361539541647298,
        -0.005354624695677229,
        1.2220369777691873,
        0.9052803931751328,
        0.0,
        0.6020489101743856,
        0.6020489101743856,
        0.5,
        0.5,
        0.7371136563763088,
        0.6230589608271018,
        0.6020489101743856,
        0.6020489101743856,
        0.0,
        0.0,
        0.0,
        0.0,
        0.0,
        0.0
      ],
      "triggerTime_ms": 0,
      "faceAngle": 0.0,
      "leftEye": [
        10.473907862239393,
        0.0,
        1.214332921016245,
        0.9052803931751328,
        0.0,
        0.6020489101743856,
        0.6020489101743856,
        0.5,
        0.5,
        0.7371136563763088,
        0.6230589608271018,
        0.6020489101743856,
        0.6020489101743856,
        0.0,
        0.0,
        0.0,
        0.0,
        0.0,
        0.0
      ]
    },
    {
      "durationTime_ms": 0,
      "faceCenterY": -5.701579062893592,
      "faceCenterX": 0.0,
      "Name": "ProceduralFaceKeyFrame",
      "faceScaleY": 1.2111011743545532,
      "faceScaleX": 1.1412653923034668,
      "rightEye": [
        -11.361539541647298,
        -0.005354624695677229,
        1.2220369777691873,
        0.9052803931751328,
        0.0,
        0.6020489101743856,
        0.6020489101743856,
        0.5,
        0.5,
        0.7371136563763088,
        0.6230589608271018,
        0.6020489101743856,
        0.6020489101743856,
        0.0,
        0.0,
        0.0,
        0.0,
        0.0,
        0.0
      ],
      "triggerTime_ms": 462,
      "faceAngle": 0.0,
      "leftEye": [
        10.473907862239393,
        0.0,
        1.214332921016245,
        0.9052803931751328,
        0.0,
        0.6020489101743856,
        0.6020489101743856,
        0.5,
        0.5,
        0.7371136563763088,
        0.6230589608271018,
        0.6020489101743856,
        0.6020489101743856,
        0.0,
        0.0,
        0.0,
        0.0,
        0.0,
        0.0
      ]
    },
    {
      "durationTime_ms": 0,
      "faceCenterY": -8.061903535253599,
      "faceCenterX": 0.0,
      "Name": "ProceduralFaceKeyFrame",
      "faceScaleY": 1.3481144905090332,
      "faceScaleX": 1.2329524755477905,
      "rightEye": [
        -12.111288932854686,
        -0.008829994276161003,
        1.2220369777691873,
        0.9052803931751328,
        0.0,
        0.6682828430635759,
        0.6682828430635759,
        0.5,
        0.5,
        0.8910100780863957,
        0.7029292743103674,
        0.6682828430635759,
        0.6682828430635759,
        0.0,
        0.0,
        0.0,
        0.0,
        0.0,
        0.0
      ],
      "triggerTime_ms": 528,
      "faceAngle": 0.0,
      "leftEye": [
        11.3204145859521,
        0.0,
        1.214332921016245,
        0.9052803931751328,
        0.0,
        0.6682828430635759,
        0.6682828430635759,
        0.5,
        0.5,
        0.8910100780863957,
        0.7029292743103674,
        0.6682828430635759,
        0.6682828430635759,
        0.0,
        0.0,
        0.0,
        0.0,
        0.0,
        0.0
      ]
    },
    {
      "durationTime_ms": 0,
      "faceCenterY": -6.865515106821989,
      "faceCenterX": 0.0,
      "Name": "ProceduralFaceKeyFrame",
      "faceScaleY": 1.266852617263794,
      "faceScaleX": 1.2329524755477905,
      "rightEye": [
        -16.966425027897927,
        1.5703006241147366,
        1.1281760492187596,
        0.8469648484375227,
        0.0,
        0.6682828430635759,
        0.6682828430635759,
        0.5,
        0.5,
        0.8910100780863957,
        0.7029292743103674,
        0.6682828430635759,
        0.6682828430635759,
        0.0,
        0.0,
        0.0,
        0.0,
        0.0,
        0.0
      ],
      "triggerTime_ms": 594,
      "faceAngle": 0.0,
      "leftEye": [
        7.57424442964088,
        0.537897092453438,
        1.214332921016245,
        0.9251569866623299,
        0.0,
        0.6682828430635759,
        0.6682828430635759,
        0.5,
        0.5,
        0.8910100780863957,
        0.7029292743103674,
        0.6682828430635759,
        0.6682828430635759,
        0.0,
        0.0,
        0.0,
        0.0,
        0.0,
        0.0
      ]
    },
    {
      "durationTime_ms": 0,
      "faceCenterY": -6.865515106821989,
      "faceCenterX": 0.0,
      "Name": "ProceduralFaceKeyFrame",
      "faceScaleY": 1.3481144905090332,
      "faceScaleX": 1.2329524755477905,
      "rightEye": [
        -19.29128055677576,
        1.5703006241147366,
        1.1281760492187596,
        0.8271504045619906,
        0.0,
        0.6682828430635759,
        0.6682828430635759,
        0.5,
        0.5,
        0.8910100780863957,
        0.7029292743103674,
        0.6682828430635759,
        0.6682828430635759,
        0.0,
        0.0,
        0.0,
        0.0,
        0.0,
        0.0
      ],
      "triggerTime_ms": 660,
      "faceAngle": 0.0,
      "leftEye": [
        6.370922660666164,
        0.537897092453438,
        1.214332921016245,
        0.9251569866623299,
        0.0,
        0.6682828430635759,
        0.6682828430635759,
        0.5,
        0.5,
        0.8910100780863957,
        0.7029292743103674,
        0.6682828430635759,
        0.6682828430635759,
        0.0,
        0.0,
        0.0,
        0.0,
        0.0,
        0.0
      ]
    },
    {
      "durationTime_ms": 0,
      "faceCenterY": -6.865515106821989,
      "faceCenterX": 0.0,
      "Name": "ProceduralFaceKeyFrame",
      "faceScaleY": 1.3481144905090332,
      "faceScaleX": 1.2329524755477905,
      "rightEye": [
        -19.29128055677576,
        1.5703006241147366,
        1.1281760492187596,
        0.8271504045619906,
        0.0,
        0.6682828430635759,
        0.6682828430635759,
        0.5,
        0.5,
        0.8910100780863957,
        0.7029292743103674,
        0.6682828430635759,
        0.6682828430635759,
        0.0,
        0.0,
        0.0,
        0.0,
        0.0,
        0.0
      ],
      "triggerTime_ms": 1683,
      "faceAngle": 0.0,
      "leftEye": [
        6.370922660666164,
        0.537897092453438,
        1.214332921016245,
        0.9251569866623299,
        0.0,
        0.6682828430635759,
        0.6682828430635759,
        0.5,
        0.5,
        0.8910100780863957,
        0.7029292743103674,
        0.6682828430635759,
        0.6682828430635759,
        0.0,
        0.0,
        0.0,
        0.0,
        0.0,
        0.0
      ]
    },
    {
      "durationTime_ms": 0,
      "faceCenterY": -6.865515106821989,
      "faceCenterX": 0.0,
      "Name": "ProceduralFaceKeyFrame",
      "faceScaleY": 1.3481144905090332,
      "faceScaleX": 1.2329524755477905,
      "rightEye": [
        -19.053045047000765,
        1.5703006241147366,
        1.1281760492187596,
        0.8469648484375227,
        0.0,
        0.6682828430635759,
        0.6682828430635759,
        0.5,
        0.5,
        0.8910100780863957,
        0.7029292743103674,
        0.6682828430635759,
        0.6682828430635759,
        0.0,
        0.0,
        0.0,
        0.0,
        0.0,
        0.0
      ],
      "triggerTime_ms": 1782,
      "faceAngle": 0.0,