{
  "anim_launch_startdriving_01": [
    {
      "angleVariability_deg": 0,
      "angle_deg": -17.842716217041012,
      "triggerTime_ms": 297,
      "Name": "HeadAngleKeyFrame",
      "durationTime_ms": 66
    },
    {
      "angleVariability_deg": 0,
      "angle_deg": -10.334807395935057,
      "triggerTime_ms": 363,
      "Name": "HeadAngleKeyFrame",
      "durationTime_ms": 165
    },
    {
      "durationTime_ms": 0,
      "faceCenterY": 19.059168359349318,
      "faceCenterX": 0.0,
      "Name": "ProceduralFaceKeyFrame",
      "faceScaleY": 0.9267278308233735,
      "faceScaleX": 1.0467089414596558,
      "rightEye": [
        -10.206374107265454,
        0.0,
        1.2220369777691873,
        0.9052803931751328,
        0.0,
        0.5,
        0.5,
        0.6075667721771865,
        0.6075667721771865,
        0.6075667721771865,
        0.6075667721771865,
        0.5,
        0.5,
        0.17361664318225,
        10.690086364746092,
        0.0,
        0.3930734355794071,
        0.0,
        0.0
      ],
      "triggerTime_ms": 0,
      "faceAngle": 0.0,
      "leftEye": [
        9.169666010979592,
        0.0,
        1.214332921016245,
        0.9052803931751328,
        0.0,
        0.5,
        0.5,
        0.6075667721771865,
        0.6075667721771865,
        0.6075667721771865,
        0.6075667721771865,
        0.5,
        0.5,
        0.2548722513873847,
        -2.909788131713867,
        0.0,
        0.4048035363678014,
        0.0,
        0.0
      ]
    },
    {
      "durationTime_ms": 0,
      "faceCenterY": 19.059168359349318,
      "faceCenterX": 0.0,
      "Name": "ProceduralFaceKeyFrame",
      "faceScaleY": 0.9267278308233735,
      "faceScaleX": 1.0467089414596558,
      "rightEye": [
        -10.206374107265454,
        0.0,
        1.2220369777691873,
        0.9052803931751328,
        0.0,
        0.5,
        0.5,
        0.6075667721771865,
        0.6075667721771865,
        0.6075667721771865,
        0.6075667721771865,
        0.5,
        0.5,
        0.17361664318225,
        10.690086364746092,
        0.0,
        0.3930734355794071,
        0.0,
        0.0
      ],
      "triggerTime_ms": 165,
      "faceAngle": 0.0,
      "leftEye": [
        9.169666010979592,
        0.0,
        1.214332921016245,
        0.9052803931751328,
        0.0,
        0.5,
        0.5,
        0.6075667721771865,
        0.6075667721771865,
        0.6075667721771865,
        0.6075667721771865,
        0.5,
        0.5,
        0.2548722513873847,
        -2.909788131713867,
        0.0,
        0.4048035363678014,
        0.0,
        0.0
      ]
    },
    {
      "durationTime_ms": 0,
      "faceCenterY": 19.059168359349318,
      "faceCenterX": 0.0,
      "Name": "ProceduralFaceKeyFrame",
      "faceScaleY": 0.9267278308233735,
      "faceScaleX": 1.0467089414596558,
      "rightEye": [
        -10.206374107265454,
        0.0,
        1.2599318841148377,
        0.9052803931751328,
        0.0,
        0.5,
        0.5,
        0.6075667721771865,
        0.6075667721771865,
        0.6075667721771865,
        0.6075667721771865,
        0.5,
        0.5,
        0.1973676382259517,
        7.4974679946899405,
        0.0,
        0.3930734355794071,
        0.0,
        0.0
      ],
      "triggerTime_ms": 231,
      "faceAngle": 0.0,
      "leftEye": [
        9.169666010979592,
        0.0,
        1.25091298100233,
        0.9052803931751328,
        0.0,
        0.5,
        0.5,
        0.6075667721771865,
        0.6075667721771865,
        0.6075667721771865,
        0.6075667721771865,
        0.5,
        0.5,
        0.3625768426001361,
        0.652126908302307,
        0.0,
        0.4048035363678014,
        0.0,
        0.0
      ]
    },
    {
      "durationTime_ms": 0,
      "faceCenterY": 17.658314394097946,
      "faceCenterX": 0.0,
      "Name": "ProceduralFaceKeyFrame",
      "faceScaleY": 1.0,
      "faceScaleX": 1.020885944366455,
      "rightEye": [
        -10.206374107265454,
        0.0,
        1.4079073844373227,
        0.9052803931751328,
        0.0,
        0.5,
        0.5,
        0.6075667721771865,
        0.6075667721771865,
        0.6075667721771865,
        0.6075667721771865,
        0.5,
        0.5,
        0.5128539085549917,
        0.0,
        0.0,
        0.39061152058358484,
        0.0,
        0.0
      ],
      "triggerTime_ms": 264,
      "faceAngle": 0.0,
      "leftEye": [
        9.169666010979592,
        0.0,
        1.3937541488622003,
        0.9052803931751328,
        0.0,
        0.5,
        0.5,
        0.6075667721771865,
        0.6075667721771865,
        0.6075667721771865,
        0.6075667721771865,
        0.5,
        0.5,
        0.5128577973885364,
        0.0,
        0.0,
        0.40226815288385576,
        0.0,
        0.0
      ]
    },
    {
      "durationTime_ms": 0,
      "faceCenterY": 18.237060983958603,
      "faceCenterX": 0.0,
      "Name": "ProceduralFaceKeyFrame",
      "faceScaleY": 1.0,
      "faceScaleX": 1.020885944366455,
      "rightEye": [
        -10.206374107265454,
        0.0,
        1.8786326003123723,
        0.9052803931751328,
        0.0,
        0.5,
        0.5,
        0.6075667721771865,
        0.6075667721771865,
        0.6075667721771865,
        0.6075667721771865,
        0.5,
        0.5,
        0.5580997614519887,
        0.0,
        0.0,
        0.3804947938949037,
        0.0,
        0.0
      ],
      "triggerTime_ms": 297,
      "faceAngle": 0.0,
      "leftEye": [
        9.169666010979592,
        0.0,
        1.8481465281911278,
        0.9052803931751328,
        0.0,
        0.5,
        0.5,
        0.6075667721771865,
        0.6075667721771865,
        0.6075667721771865,
        0.6075667721771865,
        0.5,
        0.5,
        0.5581039933726926,
        0.0,
        0.0,
        0.39184952275178386,
        0.0,
        0.0
      ]
    },
    {
      "durationTime_ms": 0,
      "faceCenterY": 17.98074931219674,
      "faceCenterX": 0.0,
      "Name": "ProceduralFaceKeyFrame",
      "faceScaleY": 1.0,
      "faceScaleX": 1.020885944366455,
      "rightEye": [
        -10.206374107265454,
        0.0,
        1.8786326003123723,
        0.9052803931751328,
        0.0,
        0.5,
        0.5,
        0.6075667721771865,
        0.6075667721771865,
        0.6075667721771865,
        0.6075667721771865,
        0.5,
        0.5,
        0.5580997614519887,
        0.0,
        0.0,
        0.3804947938949037,
        0.0,
        0.0
      ],
      "triggerTime_ms": 330,
      "faceAngle": 0.0,
      "leftEye": [
        9.169666010979592,
        0.0,
        1.8481465281911278,
        0.9052803931751328,
        0.0,
        0.5,
        0.5,
        0.6075667721771865,
        0.6075667721771865,
        0.6075667721771865,
        0.6075667721771865,
        0.5,
        0.5,
        0.5581039933726926,
        0.0,
        0.0,
        0.39184952275178386,
        0.0,
        0.0
      ]
    },
    {
      "durationTime_ms": 0,
      "faceCenterY": 17.719874007885895,
      "faceCenterX": 0.0,
      "Name": "ProceduralFaceKeyFrame",
      "faceScaleY": 1.0,
      "faceScaleX": 1.020885944366455,
      "rightEye": [
        -11.433015563617582,
        0.0,
        1.2963285022794095,
        0.9168502388008619,
        0.0,
        0.5,
        0.5,
        0.9788947116098718,
        0.9788947116098718,
        0.9788947116098718,
        0.9788947116098718,
        0.5,
        0.5,
        0.33577666779094395,
        0.0,
        0.0,
        0.383476009446473,
        0.0,
        0.0
      ],
      "triggerTime_ms": 396,
      "faceAngle": 0.0,