{
  "anim_gotosleep_off_01": [
    {
      "angleVariability_deg": 0,
      "angle_deg": -19.999999999999996,
      "triggerTime_ms": 858,
      "Name": "HeadAngleKeyFrame",
      "durationTime_ms": 198
    },
    {
      "durationTime_ms": 0,
      "faceCenterY": 13.243277235624193,
      "faceCenterX": 0.0,
      "Name": "ProceduralFaceKeyFrame",
      "faceScaleY": 1.0,
      "faceScaleX": 1.0,
      "rightEye": [
        -10.206374107265454,
        0.0,
        0.8078989712337545,
        0.9052803931751328,
        0.0,
        0.5,
        0.5,
        0.5,
        0.5,
        0.5,
        0.5,
        0.5,
        0.5,
        0.8777452743535442,
        0.0,
        0.0,
        0.0,
        0.0,
        0.0
      ],
      "triggerTime_ms": 0,
      "faceAngle": 0.0,
      "leftEye": [
        9.169666010979592,
        0.0,
        0.814564338842743,
        0.9052803931751328,
        0.0,
        0.5,
        0.5,
        0.5,
        0.5,
        0.5,
        0.5,
        0.5,
        0.5,
        0.8763987770220484,
        0.0,
        0.0,
        0.0,
        0.0,
        0.0
      ]
    },
    {
      "durationTime_ms": 0,
      "faceCenterY": 13.243277235624193,
      "faceCenterX": 0.0,
      "Name": "ProceduralFaceKeyFrame",
      "faceScaleY": 1.0,
      "faceScaleX": 1.0,
      "rightEye": [
        -10.206374107265454,
        0.0,
        0.8078989712337545,
        0.9052803931751328,
        0.0,
        0.5,
        0.5,
        0.5,
        0.5,
        0.5,
        0.5,
        0.5,
        0.5,
        0.8777452743535442,
        0.0,
        0.0,
        0.0,
        0.0,
        0.0
      ],
      "triggerTime_ms": 198,
      "faceAngle": 0.0,
      "leftEye": [
        9.169666010979592,
        0.0,
        0.814564338842743,
        0.9052803931751328,
        0.0,
        0.5,
        0.5,
        0.5,
        0.5,
        0.5,
        0.5,
        0.5,
        0.5,
        0.8763987770220484,
        0.0,
        0.0,
        0.0,
        0.0,
        0.0
      ]
    },
    {
      "durationTime_ms": 0,
      "faceCenterY": 13.243277235624193,
      "faceCenterX": 0.0,
      "Name": "ProceduralFaceKeyFrame",
      "faceScaleY": 1.0,
      "faceScaleX": 1.0,
      "rightEye": [
        -10.206374107265454,
        0.0,
        0.9222396855364963,
        0.9052803931751328,
        0.0,
        0.5,
        0.5,
        0.5,
        0.5,
        0.5,
        0.5,
        0.5,
        0.5,
        0.8777452743535442,
        0.0,
        0.0,
        0.0,
        0.0,
        0.0
      ],
      "triggerTime_ms": 528,
      "faceAngle": 0.0,
      "leftEye": [
        9.169666010979592,
        0.0,
        0.9249377506359835,
        0.9052803931751328,
        0.0,
        0.5,
        0.5,
        0.5,
        0.5,
        0.5,
        0.5,
        0.5,
        0.5,
        0.8763987770220484,
        0.0,
        0.0,
        0.0,
        0.0,
        0.0
      ]
    },
    {
      "durationTime_ms": 0,
      "faceCenterY": 13.243277235624193,
      "faceCenterX": 0.0,
      "Name": "ProceduralFaceKeyFrame",
      "faceScaleY": 1.0,
      "faceScaleX": 1.0,
      "rightEye": [
        -11.27497016542902,
        0.0,
        0.9222396855364963,
        0.9052803931751328,
        0.0,
        0.5,
        0.5,
        0.5,
        0.5,
        0.5,
        0.5,
        0.5,
        0.5,
        0.8777452743535442,
        0.0,
        0.0,
        0.0,
        0.0,
        0.0
      ],
      "triggerTime_ms": 627,
      "faceAngle": 0.0,
      "leftEye": [
        10.206786419288385,
        0.0,
        0.9249377506359835,
        0.9052803931751328,
        0.0,
        0.5,
        0.5,
        0.5,
        0.5,
        0.5,
        0.5,
        0.5,
        0.5,
        0.8763987770220484,
        0.0,
        0.0,
        0.0,
        0.0,
        0.0
      ]
    },
    {
      "durationTime_ms": 0,
      "faceCenterY": 13.243277235624193,
      "faceCenterX": 0.0,
      "Name": "ProceduralFaceKeyFrame",
      "faceScaleY": 1.0,
      "faceScaleX": 1.0,
      "rightEye": [
        -12.567528570286536,
        0.0,
        0.9222396855364963,
        0.9052803931751328,
        0.0,
        0.4516124869156562,
        0.4516124869156562,
        0.4716447767868173,
        0.4716447767868173,
        0.4716447767868173,
        0.4716447767868173,
        0.4516124869156562,
        0.4516124869156562,
        0.8777452743535442,
        0.0,
        0.0,
        0.0,
        0.0,
        0.0
      ],
      "triggerTime_ms": 693,
      "faceAngle": 0.0,
      "leftEye": [
        11.46127123568953,
        0.0,
        0.9249377506359835,
        0.9052803931751328,
        0.0,
        0.4516124869156562,
        0.4516124869156562,
        0.4716447767868173,
        0.4716447767868173,
        0.4716447767868173,
        0.4716447767868173,
        0.4516124869156562,
        0.4516124869156562,
        0.8763987770220484,
        0.0,
        0.0,
        0.0,
        0.0,
        0.0
      ]
    },
    {
      "durationTime_ms": 0,
      "faceCenterY": 13.243277235624193,
      "faceCenterX": 0.0,
      "Name": "ProceduralFaceKeyFrame",
      "faceScaleY": 1.0,
      "faceScaleX": 1.0,
      "rightEye": [
        -10.840408018055664,
        0.0,
        0.9222396855364963,
        0.9052803931751328,
        0.0,
        0.3909750066141057,
        0.3909750066141057,
        0.43611103458614503,
        0.43611103458614503,
        0.43611103458614503,
        0.43611103458614503,
        0.3909750066141057,
        0.3909750066141057,
        0.8777452743535442,
        0.0,
        0.0,
        0.0,
        0.0,
        0.0
      ],
      "triggerTime_ms": 726,
      "faceAngle": 0.0,
      "leftEye": [
        9.78502386316523,
        0.0,
        0.9249377506359835,
        0.9052803931751328,
        0.0,
        0.3909750066141057,
        0.3909750066141057,
        0.43611103458614503,
        0.43611103458614503,
        0.43611103458614503,
        0.43611103458614503,
        0.3909750066141057,
        0.3909750066141057,
        0.8763987770220484,
        0.0,
        0.0,
        0.0,
        0.0,
        0.0
      ]
    },
    {
      "durationTime_ms": 0,
      "faceCenterY": 13.243277235624193,
      "faceCenterX": 0.0,
      "Name": "ProceduralFaceKeyFrame",
      "faceScaleY": 1.0,
      "faceScaleX": 1.0,
      "rightEye": [
        -14.69249199660511,
        0.0,
        0.9222396855364963,
        0.9052803931751328,
        0.0,
        0.3303374972976004,
        0.3303374972976004,
        0.4005772631066276,
        0.4005772631066276,
        0.4005772631066276,
        0.4005772631066276,
        0.3303374972976004,
        0.3303374972976004,
        0.8777452743535442,
        0.0,
        0.0,
        0.0,
        0.0,
        0.0
      ],
      "triggerTime_ms": 759,
      "faceAngle": 0.0,
      "leftEye": [
        13.523632901434203,
        0.0,
        0.9249377506359835,
        0.9052803931751328,
        0.0,
        0.3303374972976004,
        0.3303374972976004,
        0.4005772631066276,
        0.4005772631066276,
        0.4005772631066276,
        0.4005772631066276,
        0.3303374972976004,
        0.3303374972976004,
        0.8763987770220484,
        0.0,
        0.0,
        0.0,
        0.0,
        0.0
      ]
    },
    {
      "durationTime_ms": 0,
      "faceCenterY": 13.243277235624193,
      "faceCenterX": 0.0,
      "Name": "ProceduralFaceKeyFrame",
      "faceScaleY": 1.0,
      "faceScaleX": 1.0,
      "rightEye": [
        -23.500221870444893,
        15.23668024670633,
        0.43695913630104155,
        0.19488441185674787,
        0.0,
        0.01,
        0.01,
        0.2128585428111898,
        0.2128585428111898,
        0.2128585428111898,
        0.2128585428111898,
        0.01,
        0.01,
        0.0,
        0.0,
        0.0,
        0.0,
        0.0,
        0.0
      ],
      "triggerTime_ms": 792,