{
  "anim_pounce_lookloop_03": [
    {
      "durationTime_ms": 0,
      "faceCenterY": 27.775316614649913,
      "faceCenterX": 0.0,
      "Name": "ProceduralFaceKeyFrame",
      "faceScaleY": 1.0,
      "faceScaleX": 1.0,
      "rightEye": [
        -10.206374107265454,
        0.0,
        1.2220369777691873,
        0.9052803931751328,
        0.0,
        0.5,
        0.5,
        0.8551031157835851,
        0.8551031157835851,
        0.8551031157835851,
        0.8551031157835851,
        0.5,
        0.5,
        0.1487083060466431,
        0.0,
        0.0,
        0.487033343442839,
        4.583662509918213,
        0.0
      ],
      "triggerTime_ms": 0,
      "faceAngle": 0.0,
      "leftEye": [
        9.169666010979592,
        0.0,
        1.214332921016245,
        0.9052803931751328,
        0.0,
        0.5,
        0.5,
        0.8551031157835851,
        0.8551031157835851,
        0.8551031157835851,
        0.8551031157835851,
        0.5,
        0.5,
        0.13761467605622713,
        0.0,
        0.0,
        0.5015673965962198,
        4.583662509918213,
        0.0
      ]
    },
    {
      "durationTime_ms": 0,
      "faceCenterY": 24.49367764455133,
      "faceCenterX": -0.3184931086046133,
      "Name": "ProceduralFaceKeyFrame",
      "faceScaleY": 1.0,
      "faceScaleX": 1.0316035747528076,
      "rightEye": [
        -10.206374107265454,
        0.0,
        1.2377362088774977,
        0.9052803931751328,
        0.0,
        0.5,
        0.5,
        0.8551031157835851,
        0.8551031157835851,
        0.7858071851559956,
        0.7858071851559956,
        0.5,
        0.5,
        0.19081387466043842,
        3.509642601013183,
        0.0,
        0.5487722321127975,
        4.583662509918213,
        0.0
      ],
      "triggerTime_ms": 66,
      "faceAngle": 0.0,
      "leftEye": [
        10.138955940802695,
        0.0,
        1.1425953031117855,
        0.9052803931751328,
        0.0,
        0.5,
        0.5,
        0.8551031157835851,
        0.8551031157835851,
        0.8551031157835851,
        0.8551031157835851,
        0.5,
        0.5,
        0.20064183083888198,
        2.562064886093139,
        0.0,
        0.5651571432521938,
        4.583662509918213,
        0.0
      ]
    },
    {
      "durationTime_ms": 0,
      "faceCenterY": 26.307246547613662,
      "faceCenterX": 0.0,
      "Name": "ProceduralFaceKeyFrame",
      "faceScaleY": 1.0,
      "faceScaleX": 1.0,
      "rightEye": [
        -10.206374107265454,
        0.0,
        1.2220369777691873,
        0.9052803931751328,
        0.0,
        0.5,
        0.5,
        0.8551031157835851,
        0.8551031157835851,
        0.8551031157835851,
        0.8551031157835851,
        0.5,
        0.5,
        0.1487083060466431,
        0.0,
        0.0,
        0.487033343442839,
        4.583662509918213,
        0.0
      ],
      "triggerTime_ms": 132,
      "faceAngle": 0.0,
      "leftEye": [
        9.169666010979592,
        0.0,
        1.214332921016245,
        0.9052803931751328,
        0.0,
        0.5,
        0.5,
        0.8551031157835851,
        0.8551031157835851,
        0.8551031157835851,
        0.8551031157835851,
        0.5,
        0.5,
        0.13761467605622713,
        0.0,
        0.0,
        0.5015673965962198,
        4.583662509918213,
        0.0
      ]
    },
    {
      "durationTime_ms": 0,
      "faceCenterY": 26.307246547613662,
      "faceCenterX": 0.0,
      "Name": "ProceduralFaceKeyFrame",
      "faceScaleY": 1.0,
      "faceScaleX": 1.0,
      "rightEye": [
        -10.206374107265454,
        0.0,
        1.2220369777691873,
        0.9052803931751328,
        0.0,
        0.5,
        0.5,
        0.8551031157835851,
        0.8551031157835851,
        0.8551031157835851,
        0.8551031157835851,
        0.5,
        0.5,
        0.1487083060466431,
        0.0,
        0.0,
        0.487033343442839,
        4.583662509918213,
        0.0
      ],
      "triggerTime_ms": 363,
      "faceAngle": 0.0,
      "leftEye": [
        9.169666010979592,
        0.0,
        1.214332921016245,
        0.9052803931751328,
        0.0,
        0.5,
        0.5,
        0.8551031157835851,
        0.8551031157835851,
        0.8551031157835851,
        0.8551031157835851,
        0.5,
        0.5,
        0.13761467605622713,
        0.0,
        0.0,
        0.5015673965962198,
        4.583662509918213,
        0.0
      ]
    },
    {
      "durationTime_ms": 0,
      "faceCenterY": 26.307246547613662,
      "faceCenterX": 0.0,
      "Name": "ProceduralFaceKeyFrame",
      "faceScaleY": 1.0,
      "faceScaleX": 1.0,
      "rightEye": [
        -10.206374107265454,
        0.0,
        1.2220369777691873,
        0.9052803931751328,
        0.0,
        0.5,
        0.5,
        0.8551031157835851,
        0.8551031157835851,
        0.8551031157835851,
        0.8551031157835851,
        0.5,
        0.5,
        0.1487083060466431,
        0.0,
        0.0,
        0.487033343442839,
        4.583662509918213,
        0.0
      ],
      "triggerTime_ms": 462,
      "faceAngle": 0.0,
      "leftEye": [
        9.169666010979592,
        0.0,
        1.214332921016245,
        0.9052803931751328,
        0.0,
        0.5,
        0.5,
        0.8551031157835851,
        0.8551031157835851,
        0.8551031157835851,
        0.8551031157835851,
        0.5,
        0.5,
        0.13761467605622713,
        0.0,
        0.0,
        0.5015673965962198,
        4.583662509918213,
        0.0
      ]
    },
    {
      "durationTime_ms": 0,
      "faceCenterY": 26.307246547613662,
      "faceCenterX": 0.0,
      "Name": "ProceduralFaceKeyFrame",
      "faceScaleY": 1.0,
      "faceScaleX": 1.0,
      "rightEye": [
        -10.206374107265454,
        0.0,
        1.2220369777691873,
        0.9052803931751328,
        0.0,
        0.5,
        0.5,
        0.8551031157835851,
        0.8551031157835851,
        0.8551031157835851,
        0.8551031157835851,
        0.5,
        0.5,
        0.1487083060466431,
        0.0,
        0.0,
        0.46329585413746943,
        4.583662509918213,
        0.0
      ],
      "triggerTime_ms": 495,
      "faceAngle": 0.0,
      "leftEye": [
        9.169666010979592,
        0.0,
        1.214332921016245,
        0.9052803931751328,
        0.0,
        0.5,
        0.5,
        0.8551031157835851,
        0.8551031157835851,
        0.8551031157835851,
        0.8551031157835851,
        0.5,
        0.5,
        0.13761467605622713,
        0.0,
        0.0,
        0.5015673965962198,
        4.583662509918213,
        0.0
      ]
    },
    {
      "durationTime_ms": 0,
      "faceCenterY": 26.307246547613662,
      "faceCenterX": 0.0,
      "Name": "ProceduralFaceKeyFrame",
      "faceScaleY": 1.0,
      "faceScaleX": 1.0,
      "rightEye": [
        -10.206374107265454,
        0.0,
        1.2220369777691873,
        0.9052803931751328,
        0.0,
        0.5,
        0.5,
        0.8551031157835851,
        0.8551031157835851,
        0.8551031157835851,
        0.8551031157835851,
        0.5,
        0.5,
        0.1487083060466431,
        0.0,
        0.0,
        0.4970280738721098,
        4.583662509918213,
        0.0
      ],
      "triggerTime_ms": 528,
      "faceAngle": 0.0,
      "leftEye": [
        9.169666010979592,
        0.0,
        1.214332921016245,
        0.9052803931751328,
        0.0,
        0.5,
        0.5,
        0.8551031157835851,
        0.8551031157835851,
        0.8551031157835851,
        0.8551031157835851,
        0.5,
        0.5,
        0.13761467605622713,
        0.0,
        0.0,
        0.5015673965962198,
        4.583662509918213,
        0.0
      ]
    },
    {
      "durationTime_ms": 0,
      "faceCenterY": 26.307246547613662,
      "faceCenterX": 0.0,
      "Name": "ProceduralFaceKeyFrame",
      "faceScaleY": 1.0,
      "faceScaleX": 1.0,