{
  "anim_driving_upset_start_01": [
    {
      "angleVariability_deg": 0,
      "angle_deg": -11.758874893188475,
      "triggerTime_ms": 165,
      "Name": "HeadAngleKeyFrame",
      "durationTime_ms": 165
    },
    {
      "durationTime_ms": 0,
      "faceCenterY": 0.0,
      "faceCenterX": 0.0,
      "Name": "ProceduralFaceKeyFrame",
      "faceScaleY": 1.0,
      "faceScaleX": 1.0,
      "rightEye": [
        -10.206374107265454,
        0.0,
        1.2220369777691873,
        0.9052803931751328,
        0.0,
        0.5,
        0.5,
        0.5,
        0.5,
        0.5,
        0.5,
        0.5,
        0.5,
        0.0,
        0.0,
        0.0,
        0.0,
        0.0,
        0.0
      ],
      "triggerTime_ms": 0,
      "faceAngle": 0.0,
      "leftEye": [
        9.169666010979592,
        0.0,
        1.214332921016245,
        0.9052803931751328,
        0.0,
        0.5,
        0.5,
        0.5,
        0.5,
        0.5,
        0.5,
        0.5,
        0.5,
        0.0,
        0.0,
        0.0,
        0.0,
        0.0,
        0.0
      ]
    },
    {
      "durationTime_ms": 0,
      "faceCenterY": 0.0,
      "faceCenterX": 0.0,
      "Name": "ProceduralFaceKeyFrame",
      "faceScaleY": 1.0,
      "faceScaleX": 1.0,
      "rightEye": [
        -10.206374107265454,
        0.0,
        1.3665010258485388,
        0.995035520143631,
        0.0,
        0.2951322525712952,
        0.2951322525712952,
        0.2951322525712952,
        0.2951322525712952,
        0.2951322525712952,
        0.2951322525712952,
        0.2951322525712952,
        0.2951322525712952,
        0.0,
        0.0,
        0.0,
        0.0,
        0.0,
        0.0
      ],
      "triggerTime_ms": 66,
      "faceAngle": 0.0,
      "leftEye": [
        9.169666010979592,
        0.0,
        1.353784474117916,
        0.995035520143631,
        0.0,
        0.2951322525712952,
        0.2951322525712952,
        0.2951322525712952,
        0.2951322525712952,
        0.2951322525712952,
        0.2951322525712952,
        0.2951322525712952,
        0.2951322525712952,
        0.0,
        0.0,
        0.0,
        0.0,
        0.0,
        0.0
      ]
    },
    {
      "durationTime_ms": 0,
      "faceCenterY": -0.3228188326045056,
      "faceCenterX": 0.0,
      "Name": "ProceduralFaceKeyFrame",
      "faceScaleY": 1.238898515701294,
      "faceScaleX": 0.626025259031139,
      "rightEye": [
        -10.206374107265454,
        0.0,
        1.2220369777691873,
        0.9052803931751328,
        0.0,
        0.4514794066005768,
        0.4514794066005768,
        0.4183203707824412,
        0.4183203707824412,
        0.4183203707824412,
        0.4183203707824412,
        0.4514794066005768,
        0.4514794066005768,
        0.29437005403676053,
        3.7428488731384273,
        0.0,
        0.0,
        0.0,
        0.0
      ],
      "triggerTime_ms": 99,
      "faceAngle": 0.0,
      "leftEye": [
        9.169666010979592,
        0.707251157889985,
        1.214332921016245,
        0.8785968610388011,
        0.0,
        0.4514794066005768,
        0.4514794066005768,
        0.4183203707824412,
        0.4183203707824412,
        0.4183203707824412,
        0.4183203707824412,
        0.4514794066005768,
        0.4514794066005768,
        0.2955778858090199,
        3.7428488731384273,
        0.0,
        0.0,
        0.0,
        0.0
      ]
    },
    {
      "durationTime_ms": 0,
      "faceCenterY": 9.722057167242044,
      "faceCenterX": 0.0,
      "Name": "ProceduralFaceKeyFrame",
      "faceScaleY": 0.9440491791155793,
      "faceScaleX": 1.0211498737335205,
      "rightEye": [
        -10.206374107265454,
        0.0,
        1.2220369777691873,
        0.9052803931751328,
        0.0,
        0.40909083354875697,
        0.4128254312098065,
        0.3479174036998938,
        0.35046451546166335,
        0.3479174036998938,
        0.35046451546166335,
        0.40909083354875697,
        0.4128254312098065,
        0.5421823796443697,
        6.89372682571411,
        0.0,
        0.0,
        0.0,
        0.0
      ],
      "triggerTime_ms": 165,
      "faceAngle": 0.0,
      "leftEye": [
        9.169666010979592,
        1.3026430891460878,
        1.214332921016245,
        0.8573394568523725,
        0.0,
        0.40909083354875697,
        0.4128254312098065,
        0.3479174036998938,
        0.35046451546166335,
        0.3479174036998938,
        0.35046451546166335,
        0.40909083354875697,
        0.4128254312098065,
        0.5167540454966812,
        6.89372682571411,
        0.0,
        0.0,
        0.0,
        0.0
      ]
    },
    {
      "durationTime_ms": 0,
      "faceCenterY": 10.502721157517387,
      "faceCenterX": 0.0,
      "Name": "ProceduralFaceKeyFrame",
      "faceScaleY": 0.9492622609859608,
      "faceScaleX": 1.2187122106552124,
      "rightEye": [
        -10.206374107265454,
        0.0,
        1.2220369777691873,
        0.9052803931751328,
        0.0,
        0.2044847495583566,
        0.20547698114748827,
        0.17288410501096535,
        0.17356083507085884,
        0.17288410501096535,
        0.17356083507085884,
        0.2044847495583566,
        0.20547698114748827,
        0.7069812659828554,
        13.185215950012205,
        0.0,
        0.0,
        0.0,
        0.0
      ],
      "triggerTime_ms": 198,
      "faceAngle": 0.0,
      "leftEye": [
        9.169666010979592,
        1.3547181373261312,
        1.214332921016245,
        0.8548134009616604,
        0.0,
        0.2044847495583566,
        0.20547698114748827,
        0.17288410501096535,
        0.17356083507085884,
        0.17288410501096535,
        0.17356083507085884,
        0.2044847495583566,
        0.20547698114748827,
        0.6347700033553587,
        15.284905433654783,
        0.0,
        0.0,
        0.0,
        0.0
      ]
    },
    {
      "durationTime_ms": 0,
      "faceCenterY": 12.472009605506857,
      "faceCenterX": 0.0,
      "Name": "ProceduralFaceKeyFrame",
      "faceScaleY": 1.0,
      "faceScaleX": 1.0,
      "rightEye": [
        -10.206374107265454,
        0.0,
        1.2220369777691873,
        0.9052803931751328,
        0.0,
        0.4029588136511016,
        0.4029588136511016,
        0.3366407426247728,
        0.3366407426247728,
        0.3366407426247728,
        0.3366407426247728,
        0.4029588136511016,
        0.4029588136511016,
        0.5887401080735211,
        7.485697746276855,
        0.0,
        0.0,
        0.0,
        0.0
      ],
      "triggerTime_ms": 330,
      "faceAngle": 0.0,
      "leftEye": [
        9.169666010979592,
        1.41450231577997,
        1.214332921016245,
        0.8519133775328385,
        0.0,
        0.4029588136511016,
        0.4029588136511016,
        0.3366407426247728,
        0.3366407426247728,
        0.3366407426247728,
        0.3366407426247728,
        0.4029588136511016,
        0.4029588136511016,
        0.5635027889141048,
        7.485697746276855,
        0.0,
        0.0,
        0.0,
        0.0
      ]
    },
    {
      "durationTime_ms": 0,
      "faceCenterY": 12.472009605506857,
      "faceCenterX": 0.0,
      "Name": "ProceduralFaceKeyFrame",
      "faceScaleY": 1.0,
      "faceScaleX": 1.0,
      "rightEye": [
        -10.206374107265454,
        0.0,
        1.2220369777691873,
        0.9052803931751328,
        0.0,
        0.4029588136511016,
        0.4029588136511016,
        0.3366407426247728,
        0.3366407426247728,
        0.3366407426247728,
        0.3366407426247728,
        0.4029588136511016,
        0.4029588136511016,
        0.5887401080735211,
        7.485697746276855,
        0.0,
        0.0,
        0.0,
        0.0
      ],
      "triggerTime_ms": 396,
      "faceAngle": 0.0,